{
    "videos": [
        {
            "id": "l_lblj8Cq0o",
            "title": "G-Eazy - No Limit REMIX ft. A$AP Rocky, Cardi B, French Montana, Juicy J, Belly",
            "description": "New Album \u2018The Beautiful & Damned\u2019 Available Everywhere http://smarturl.it/TBAD\\nGet exclusive TB&D bundles here: http://smarturl.it/TBAD/officialstore\\nSubscribe for more exclusive G-Eazy footage: http://bit.ly/GEazyYTSub\\nG-Eazy Official Site: http://g-eazy.com/\\nG-Eazy On Twitter: https://twitter.com/G_Eazy\\nG-Eazy On Facebook: https://www.facebook.com/G.Eazy\\nG-Eazy on Instagram: https://www.instagram.com/g_eazy",
            "latest_views": 25184395,
            "latest_likes": 553602,
            "latest_dislikes": 29570,
            "trending_days": [
                {
                    "date": "17.27.12",
                    "views": 25184395,
                    "likes": 553602,
                    "dislikes": 29570
                },
                {
                    "date": "17.26.12",
                    "views": 21993346,
                    "likes": 520228,
                    "dislikes": 27146
                },
                {
                    "date": "17.25.12",
                    "views": 18832489,
                    "likes": 486548,
                    "dislikes": 24877
                },
                {
                    "date": "17.24.12",
                    "views": 15191078,
                    "likes": 444887,
                    "dislikes": 22112
                },
                {
                    "date": "17.23.12",
                    "views": 11542143,
                    "likes": 394642,
                    "dislikes": 19028
                },
                {
                    "date": "17.22.12",
                    "views": 7729028,
                    "likes": 325585,
                    "dislikes": 15176
                },
                {
                    "date": "17.21.12",
                    "views": 5051587,
                    "likes": 255347,
                    "dislikes": 11130
                },
                {
                    "date": "17.20.12",
                    "views": 1836462,
                    "likes": 134874,
                    "dislikes": 3315
                }
            ]
        },
        {
            "id": "6ZfuNTqbHE8",
            "title": "Marvel Studios' Avengers: Infinity War Official Trailer",
            "description": "There was an idea\u2026 Avengers: Infinity War. In theaters May 4.\\n\\n\u25ba Subscribe to Marvel: http://bit.ly/WeO3YJ\\n\\nFollow Marvel on Twitter: \u202ahttps://twitter.com/marvel\\nLike Marvel on FaceBook: \u202ahttps://www.facebook.com/Marvel\\n\\nFor even more news, stay tuned to:\\nTumblr: \u202ahttp://marvelentertainment.tumblr.com/\\nInstagram: https://www.instagram.com/marvel\\nGoogle+: \u202ahttps://plus.google.com/+marvel\\nPinterest: \u202ahttp://pinterest.com/marvelofficial",
            "latest_views": 89930713,
            "latest_likes": 2606665,
            "latest_dislikes": 53011,
            "trending_days": [
                {
                    "date": "17.07.12",
                    "views": 89930713,
                    "likes": 2606665,
                    "dislikes": 53011
                },
                {
                    "date": "17.06.12",
                    "views": 87450245,
                    "likes": 2584675,
                    "dislikes": 52176
                },
                {
                    "date": "17.05.12",
                    "views": 84281319,
                    "likes": 2555414,
                    "dislikes": 51008
                },
                {
                    "date": "17.04.12",
                    "views": 80360459,
                    "likes": 2513103,
                    "dislikes": 49170
                },
                {
                    "date": "17.03.12",
                    "views": 74789251,
                    "likes": 2444960,
                    "dislikes": 46172
                },
                {
                    "date": "17.02.12",
                    "views": 66637636,
                    "likes": 2331359,
                    "dislikes": 41154
                },
                {
                    "date": "17.01.12",
                    "views": 56367282,
                    "likes": 2157741,
                    "dislikes": 34078
                },
                {
                    "date": "17.30.11",
                    "views": 37736281,
                    "likes": 1735931,
                    "dislikes": 21972
                }
            ]
        },
        {
            "id": "VYOjWnS4cMY",
            "title": "Childish Gambino - This Is America (Official Video)",
            "description": "\u201cThis is America\u201d by Childish Gambino http://smarturl.it/TcIgADirector: Hiro MuraiProducer: Jason Cole of Doomsday with Ibra Ake and Fam Rothstein of Wolf + Rothsteintour tickets and merchandise available at childishgambino.com",
            "latest_views": 98938809,
            "latest_likes": 3037318,
            "latest_dislikes": 161813,
            "trending_days": [
                {
                    "date": "18.13.05",
                    "views": 98938809,
                    "likes": 3037318,
                    "dislikes": 161813
                },
                {
                    "date": "18.12.05",
                    "views": 85092067,
                    "likes": 2735961,
                    "dislikes": 140711
                },
                {
                    "date": "18.11.05",
                    "views": 73432600,
                    "likes": 2478908,
                    "dislikes": 124291
                },
                {
                    "date": "18.10.05",
                    "views": 60776509,
                    "likes": 2183745,
                    "dislikes": 104379
                },
                {
                    "date": "18.09.05",
                    "views": 47169016,
                    "likes": 1841549,
                    "dislikes": 79717
                },
                {
                    "date": "18.08.05",
                    "views": 31648454,
                    "likes": 1405376,
                    "dislikes": 51548
                },
                {
                    "date": "18.07.05",
                    "views": 14171087,
                    "likes": 801866,
                    "dislikes": 25829
                },
                {
                    "date": "18.06.05",
                    "views": 546527,
                    "likes": 109193,
                    "dislikes": 1660
                }
            ]
        },
        {
            "id": "UceaB4D0jpo",
            "title": "Post Malone - rockstar ft. 21 Savage",
            "description": "rockstar ft. 21 Savage (Official Video)\\nSong Available Here: https://PostMalone.lnk.to/rsYD \\n\\nConnect with Post Malone:\\nhttps://www.facebook.com/postmalone \\nhttps://twitter.com/postmalone \\nhttps://instagram.com/postmalone \\nhttps://soundcloud.com/postmalone \\nhttp://www.postmalone.com  \\n\\nDirector: Emil Nava\\nProducer:  MaryAnn Tanedo\\nDirector Of Photography: Kramer Morgenthau\\nEditor: Sean Fazende\\nFor Rojas Vision\\n\\nMusic video by Post Malone performing rockstar ft. 21 Savage.  \u00a9 2017 Republic Records, a division of UMG Recordings, Inc.\\n\\nhttp://vevo.ly/zMBE75",
            "latest_views": 34275219,
            "latest_likes": 1174338,
            "latest_dislikes": 34499,
            "trending_days": [
                {
                    "date": "17.29.11",
                    "views": 34275219,
                    "likes": 1174338,
                    "dislikes": 34499
                },
                {
                    "date": "17.28.11",
                    "views": 29753467,
                    "likes": 1100488,
                    "dislikes": 31701
                },
                {
                    "date": "17.27.11",
                    "views": 24802714,
                    "likes": 1011677,
                    "dislikes": 28606
                },
                {
                    "date": "17.26.11",
                    "views": 19654814,
                    "likes": 899113,
                    "dislikes": 24883
                },
                {
                    "date": "17.25.11",
                    "views": 15162291,
                    "likes": 789844,
                    "dislikes": 21325
                },
                {
                    "date": "17.24.11",
                    "views": 11202281,
                    "likes": 686142,
                    "dislikes": 17999
                },
                {
                    "date": "17.23.11",
                    "views": 7558742,
                    "likes": 549729,
                    "dislikes": 13588
                },
                {
                    "date": "17.22.11",
                    "views": 556200,
                    "likes": 123810,
                    "dislikes": 2070
                }
            ]
        },
        {
            "id": "ZJDMWVZta3M",
            "title": "Incredibles 2 Official Teaser Trailer",
            "description": "The teaser trailer for Incredibles 2 is here.\\n\\nDisney/Pixar's Incredibles 2 opens in theatres in 3D June 15th, 2018.\\n\\nEveryone\u2019s favorite family of superheroes is back in \u201cIncredibles 2\u201d \u2013 but this time Helen (voice of Holly Hunter) is in the spotlight, leaving Bob (voice of Craig T. Nelson) at home with Violet (voice of Sarah Vowell) and Dash (voice of Huck Milner) to navigate the day-to-day heroics of \u201cnormal\u201d life. It\u2019s a tough transistion for everyone, made tougher by the fact that the family is still unaware of baby Jack-Jack\u2019s emerging superpowers. When a new villain hatches a brilliant and dangerous plot, the family and Frozone (voice of Samuel L. Jackson) must find a way to work together again\u2014which is easier said than done, even when they\u2019re all Incredible.\\n \\nDirected by Brad Bird (\u201cIron Giant,\u201d \u201cThe Incredibles\u201d) and produced by John Walker (\u201cThe Incredibles\u201d) and Nicole Grindle (\u201cSanjay\u2019s Super Team\u201d short, \u201cToy Story 3\u201d associate producer), \u201cIncredibles 2\u201d busts into theaters on June 15, 2018.",
            "latest_views": 26072307,
            "latest_likes": 421289,
            "latest_dislikes": 11173,
            "trending_days": [
                {
                    "date": "17.25.11",
                    "views": 26072307,
                    "likes": 421289,
                    "dislikes": 11173
                },
                {
                    "date": "17.24.11",
                    "views": 22118673,
                    "likes": 410051,
                    "dislikes": 9540
                },
                {
                    "date": "17.23.11",
                    "views": 19999878,
                    "likes": 395711,
                    "dislikes": 8694
                },
                {
                    "date": "17.22.11",
                    "views": 17613871,
                    "likes": 369520,
                    "dislikes": 7892
                },
                {
                    "date": "17.21.11",
                    "views": 14478580,
                    "likes": 332272,
                    "dislikes": 6789
                },
                {
                    "date": "17.20.11",
                    "views": 9920833,
                    "likes": 262451,
                    "dislikes": 4684
                },
                {
                    "date": "17.19.11",
                    "views": 4746854,
                    "likes": 157941,
                    "dislikes": 2072
                }
            ]
        },
        {
            "id": "aJOTlE1K90k",
            "title": "Maroon 5 - Girls Like You ft. Cardi B",
            "description": "Girls Like You\u201d is out now.http://smarturl.it/GLY For more, visit: https://www.facebook.com/maroon5 https://twitter.com/maroon5 https://www.instagram.com/maroon5 Sign up for updates: http://smarturl.it/Maroon5.NewsMusic video by Maroon 5 performing Girls Like You. \u00a9 2018 Interscope Recordshttp://vevo.ly/51VylS",
            "latest_views": 47778378,
            "latest_likes": 2178332,
            "latest_dislikes": 36133,
            "trending_days": [
                {
                    "date": "18.06.06",
                    "views": 47778378,
                    "likes": 2178332,
                    "dislikes": 36133
                },
                {
                    "date": "18.05.06",
                    "views": 38912181,
                    "likes": 1958595,
                    "dislikes": 31829
                },
                {
                    "date": "18.04.06",
                    "views": 32513514,
                    "likes": 1780877,
                    "dislikes": 27830
                },
                {
                    "date": "18.03.06",
                    "views": 25497666,
                    "likes": 1547848,
                    "dislikes": 23176
                },
                {
                    "date": "18.02.06",
                    "views": 17301320,
                    "likes": 1207659,
                    "dislikes": 17463
                },
                {
                    "date": "18.01.06",
                    "views": 8713137,
                    "likes": 740543,
                    "dislikes": 9906
                },
                {
                    "date": "18.31.05",
                    "views": 3057987,
                    "likes": 406604,
                    "dislikes": 4520
                }
            ]
        },
        {
            "id": "QwievZ1Tx-8",
            "title": "Marvel Studios' Avengers: Infinity War - Official Trailer",
            "description": "In theaters April 27. Get your tickets now: http://www.fandango.com/infinitywar\\n\\nFind out more on Marvel.com - http://bit.ly/2Iv6ouB\\n\\nFollow Marvel on Twitter: \u202ahttps://twitter.com/marvel\\nLike Marvel on Facebook: \u202ahttps://www.facebook.com/Marvel\\n\\nFor even more news, stay tuned to:\\nTumblr: \u202ahttp://marvelentertainment.tumblr.com/\\nInstagram: https://www.instagram.com/marvel\\nGoogle+: \u202ahttps://plus.google.com/+marvel\\nPinterest: \u202ahttp://pinterest.com/marvelofficial",
            "latest_views": 46707200,
            "latest_likes": 1513428,
            "latest_dislikes": 30566,
            "trending_days": [
                {
                    "date": "18.23.03",
                    "views": 46707200,
                    "likes": 1513428,
                    "dislikes": 30566
                },
                {
                    "date": "18.22.03",
                    "views": 45064699,
                    "likes": 1494997,
                    "dislikes": 29812
                },
                {
                    "date": "18.21.03",
                    "views": 42862117,
                    "likes": 1465001,
                    "dislikes": 28312
                },
                {
                    "date": "18.20.03",
                    "views": 39980116,
                    "likes": 1420088,
                    "dislikes": 26137
                },
                {
                    "date": "18.19.03",
                    "views": 36112519,
                    "likes": 1355012,
                    "dislikes": 22416
                },
                {
                    "date": "18.18.03",
                    "views": 30180849,
                    "likes": 1242233,
                    "dislikes": 16902
                },
                {
                    "date": "18.17.03",
                    "views": 19716689,
                    "likes": 975747,
                    "dislikes": 9119
                }
            ]
        },
        {
            "id": "GOiDjiE8haM",
            "title": "YouTuber Back for Revenge on Dr. Phil",
            "description": "Ex-YouTuber Returns to Dr. Phil\\n\\nPart 1:\\n\\nDr. Phil Embarrasses YouTuber on National Television\\nhttps://www.youtube.com/watch?v=ewNhJaNgKds\\n\\n\\nOriginal Dr. Phil Video:\\n\\n'SV' Returns To Dr. Phil With An Update \u2026 And An Apology\\nhttps://www.youtube.com/watch?v=E4xYkKx7vhA\\n\\n\ud83d\udd252ND CHANNEL\ud83d\udd25\\nhttp://bit.ly/2xHiuyY\\n\\n\ud83d\udd25Fire Tweets & Dank Memez\ud83d\udd25\\nhttps://twitter.com/TriggeredTro\\nhttps://instagram.com/TriggeredTro\\n\\n\ud83d\udd25Boost My Ego\ud83d\udd25\\nhttps://www.famousbirthdays.com/people/triggeredtro.html\\n\\nBusiness Inquires Only:  jtrovidz@gmail.com",
            "latest_views": 1300933,
            "latest_likes": 55606,
            "latest_dislikes": 1329,
            "trending_days": [
                {
                    "date": "18.14.03",
                    "views": 1300933,
                    "likes": 55606,
                    "dislikes": 1329
                },
                {
                    "date": "18.13.03",
                    "views": 1251454,
                    "likes": 54904,
                    "dislikes": 1291
                },
                {
                    "date": "18.12.03",
                    "views": 1207639,
                    "likes": 53862,
                    "dislikes": 1241
                },
                {
                    "date": "18.11.03",
                    "views": 1144107,
                    "likes": 52448,
                    "dislikes": 1168
                },
                {
                    "date": "18.10.03",
                    "views": 1044375,
                    "likes": 49998,
                    "dislikes": 1017
                },
                {
                    "date": "18.09.03",
                    "views": 899805,
                    "likes": 46738,
                    "dislikes": 794
                },
                {
                    "date": "18.08.03",
                    "views": 526395,
                    "likes": 34742,
                    "dislikes": 399
                }
            ]
        },
        {
            "id": "MvFcY9rTPx8",
            "title": "Michigan Meteor Jan 16 2018",
            "description": "Invest here: http://bit.ly/2Bf2twZ\\nDonate here: https://watsi.org\\n\\nNo audio - Didn't hear any loud sounds - Timestamp is off - happened around 8:08PM EST (thanks Refaldooloo) - looked really close - I75 Northbound around Bloomfield Hills, after looking into video more, was heading due West and had just crossed Coolidge Hwy.  Good luck meteorite hunters! Look me up if you find any!\\n\\nFor any licensing requests please contact licensing@break.com\\n\\nTo the nieces Kristen, Amanda, Gina, and Alex - be good!",
            "latest_views": 5595980,
            "latest_likes": 43347,
            "latest_dislikes": 3613,
            "trending_days": [
                {
                    "date": "18.23.01",
                    "views": 5595980,
                    "likes": 43347,
                    "dislikes": 3613
                },
                {
                    "date": "18.22.01",
                    "views": 5515044,
                    "likes": 43082,
                    "dislikes": 3535
                },
                {
                    "date": "18.21.01",
                    "views": 5382591,
                    "likes": 42599,
                    "dislikes": 3464
                },
                {
                    "date": "18.20.01",
                    "views": 5175765,
                    "likes": 41585,
                    "dislikes": 3363
                },
                {
                    "date": "18.19.01",
                    "views": 4811863,
                    "likes": 39210,
                    "dislikes": 3130
                },
                {
                    "date": "18.18.01",
                    "views": 3624449,
                    "likes": 26324,
                    "dislikes": 1813
                },
                {
                    "date": "18.17.01",
                    "views": 953860,
                    "likes": 3014,
                    "dislikes": 113
                }
            ]
        },
        {
            "id": "p8phGxzUC_Y",
            "title": "Alexa randomly laughing compilation",
            "description": "All known occurrences of Alexa randomly laughing, unprompted.\\n\\nMore than a little creepy.",
            "latest_views": 2322359,
            "latest_likes": 18534,
            "latest_dislikes": 1394,
            "trending_days": [
                {
                    "date": "18.14.03",
                    "views": 2322359,
                    "likes": 18534,
                    "dislikes": 1394
                },
                {
                    "date": "18.13.03",
                    "views": 2235295,
                    "likes": 17484,
                    "dislikes": 1324
                },
                {
                    "date": "18.12.03",
                    "views": 2132697,
                    "likes": 16342,
                    "dislikes": 1251
                },
                {
                    "date": "18.11.03",
                    "views": 1928593,
                    "likes": 14133,
                    "dislikes": 1145
                },
                {
                    "date": "18.10.03",
                    "views": 1704544,
                    "likes": 12518,
                    "dislikes": 1023
                },
                {
                    "date": "18.09.03",
                    "views": 1287591,
                    "likes": 9106,
                    "dislikes": 751
                },
                {
                    "date": "18.08.03",
                    "views": 315521,
                    "likes": 2035,
                    "dislikes": 144
                }
            ]
        }
    ]
}