{
    "weeks": [
        {
            "start_date": "17.14.11",
            "end_date": "17.19.11",
            "category_id": 24,
            "category_name": "Entertainment",
            "number_of_videos": 62,
            "total_views": 24596814,
            "video_ids": [
                "-6CDZvPexls",
                "1D53CK8hyOo",
                "1DNa9PcsKc8",
                "1ZAPwfrtAFY",
                "2c0s4Ix3ngc",
                "39mivDbyWe8",
                "3NXYFrknGEw",
                "8d1KDFaf65U",
                "Ax1P5Q8Kr9g",
                "B16Ic88PyQc",
                "BXb9OPBTH3g",
                "By2uZDqHKPo",
                "CXZWqVA-pi8",
                "CweLhvhnPYM",
                "DcdoBrCvS9o",
                "E0y0u1NsjUw",
                "GTDtIs_bokU",
                "GuR5nYMQ9r8",
                "IcqZpTSUcZA",
                "IqTkJ72p5Ws",
                "KGtwd3JZzT4",
                "LVahdnWE8rQ",
                "LXDAu8DnALw",
                "LgVi6y5QIjM",
                "Ocr05bj0ncc",
                "PL46RTsQMVA",
                "S8kr0j1xNcg",
                "SJJ637152e4",
                "SxHThLAyICc",
                "TCXjLPtPMec",
                "TetcSIXO_5I",
                "ToL4iNV8zkw",
                "VhqmuM28Tk4",
                "WLkFWX8ewxk",
                "ZJ9We4bjcg0",
                "Zo9CSpCLPVc",
                "_GASOjcaFlg",
                "_fpyjYPnEGA",
                "acjnMqeUQVA",
                "aiS56O2_xzE",
                "bAkEd8r7Nnw",
                "bGMXMHjz8jQ",
                "bnr4FIovIec",
                "coOKvrsmQiI",
                "d0zd-Lpk5vM",
                "ek3jU8xiLEk",
                "h33GrBoPih0",
                "hWHploA0Td8",
                "i3lIBd8w4zQ",
                "iu05JKNOhxU",
                "jEtTDPkjoFc",
                "mnXnLeo54FA",
                "nAg6DNWwUkI",
                "nC4YWSQHPy8",
                "o1iu_dPG_Fo",
                "p8XP7A7kvzM",
                "sILWRPA2TcI",
                "spwqQDCW4TI",
                "u6u9g0h8kaY",
                "xSZnlufFjrA",
                "xZBTg8AzhOE",
                "zTcNN-zwCog"
            ]
        },
        {
            "start_date": "17.20.11",
            "end_date": "17.26.11",
            "category_id": 10,
            "category_name": "Music",
            "number_of_videos": 15,
            "total_views": 34335614,
            "video_ids": [
                "0k49-GCgrZo",
                "7mkUB9r0oDE",
                "EBt_88nxG4c",
                "HtCwEuXWRcU",
                "IumYMCllMsM",
                "LgmxMuW6Fsc",
                "UceaB4D0jpo",
                "cLvJUsAfMuE",
                "hPHffFAogVM",
                "hhxwpVQi0sM",
                "kTlv5_Bs8aw",
                "kcBCqLRSsrg",
                "m_CxxQfsfRg",
                "w2Es7-c9GAk",
                "wJVlulggpV4"
            ]
        },
        {
            "start_date": "17.27.11",
            "end_date": "17.03.12",
            "category_id": 24,
            "category_name": "Entertainment",
            "number_of_videos": 91,
            "total_views": 58294674,
            "video_ids": [
                "-aq0_m4VuVM",
                "0105RVmqhC4",
                "0LP6AxCL_dM",
                "1f0XKUqdrAk",
                "3BB-DmJex_Q",
                "3g9j62V1npc",
                "3uvRSApoXCc",
                "4sbm8bB583w",
                "5RkuTcs772Y",
                "5j5klRaUDA0",
                "6ZfuNTqbHE8",
                "6tOZ5VKcqL4",
                "75TtuzAagkk",
                "7MHrWTB43yE",
                "8cWKRZXaWo0",
                "8zzIk9YLWgE",
                "9Qb6wDkUPyY",
                "A6QPTrGMy-I",
                "CF89Jbjsg3I",
                "Ex0SK_Poir4",
                "I-RddfgGOcU",
                "INAAyBPtBIE",
                "IsM7OLBYRg8",
                "J4pf-OTNCg4",
                "JDJyx0KOd3s",
                "JU0aWDfATPY",
                "JrAr1hoVAdI",
                "Jrpdpr-m744",
                "JuGbyzRd1oY",
                "K-3eVI6tvFw",
                "K3EzifOE0Xc",
                "L-x753L0Wa0",
                "L3C-US5djEw",
                "LK5pbGywJcs",
                "Lvn4iiQS10w",
                "MT9mYH8Wvvk",
                "MqdH1uvYjjA",
                "MrLoxT2dK-Q",
                "N_rJCeZw0ok",
                "NzKXSLQR0u8",
                "Q5BMVZHXQz4",
                "R1U8SmSQ8-o",
                "T3rLFimaec0",
                "TRTCHmhuttc",
                "TqUIpUEGHK8",
                "V1zTJIfGKaA",
                "VMsrHhGiCKs",
                "VUb5yWYww90",
                "WC9doCKb6VE",
                "XCVhiDdpusM",
                "Xuv1crU4U9A",
                "_TixdNYZuFI",
                "aknucxb0xSo",
                "bsM8F79el_E",
                "c6PKTYytc5s",
                "ciP5o_fOHKE",
                "cmS8SA1n7Gc",
                "d7HqxcRTJQY",
                "fnAdOLA2oq0",
                "foTjlGz-u50",
                "fvxN29Jzb9g",
                "g61cvpz7LyU",
                "gJM6BlOXaPY",
                "jZ-TBcMW2pM",
                "jfPJ9U2kQh0",
                "k8PMfFzj78U",
                "lE1tW1n6h_0",
                "lqz_v7Q2w0U",
                "mtV20z7AeGg",
                "nPeYAsLYALA",
                "nQwMT6UxZIQ",
                "nh4VKZIlgag",
                "ofG-1yOEun8",
                "pAu7PoOEkTQ",
                "pjagqAGyoS0",
                "pjoSl_y7qZU",
                "s9wJ14ciZ3Y",
                "ucIO5_b9Yt8",
                "vfL98dmakMY",
                "wa9ZyarpM2U",
                "wjoeVwJTUTA",
                "xCd_WJDvI4k",
                "xHgUsM3GWSs",
                "xNpcGZzVPd8",
                "xy2idL0aqFU",
                "yONQCAydn38",
                "yXqZhGL-OKI",
                "yef_HfQoBd8",
                "yq6JRXth780",
                "z1FL60aLCpI",
                "z7mN3r1ppVk"
            ]
        },
        {
            "start_date": "17.04.12",
            "end_date": "17.10.12",
            "category_id": 24,
            "category_name": "Entertainment",
            "number_of_videos": 101,
            "total_views": 106713533,
            "video_ids": [
                "-OFiwTE0KkM",
                "-UUBEANECX4",
                "0-DmVuBQq20",
                "0eKGL0h7VoE",
                "1m5hUp_hxTM",
                "22mzL2rWu30",
                "2cFSZmaWjhs",
                "2rVLXhzoKhE",
                "5Xe6E8HGj24",
                "5htg81aGO1w",
                "65nwKX9wA2o",
                "6CDlhXRqrF0",
                "7N3ERfi6WHM",
                "7icFIMa3Qk8",
                "8A4diI2lDIw",
                "8Txptg5ORfA",
                "8bbdbdRBbbY",
                "8euPVkj4NRo",
                "9Z8vLV-NJc4",
                "9c3KGxlXgDM",
                "B-Tri4OrX1I",
                "CiN8acPXK3Q",
                "E88VfsuGcro",
                "EhQ-S0hG2D4",
                "FHj9PN0SYQc",
                "FL5QWGe3ZFA",
                "F_Q6sjRRZMs",
                "FlsCjmMhFmw",
                "Hk5bgB77VHM",
                "I-jnVhE6UqE",
                "INAAyBPtBIE",
                "Ih2UfN7jkzw",
                "J2yShlvG7DU",
                "JBDWIGpKnwM",
                "JDP8OKR9ds0",
                "JFUU-NX-K5k",
                "KC8ftV6HEm0",
                "LQtZ0l4_lBg",
                "LmxyIswRN8E",
                "MBeQ3TYL3ZQ",
                "MhoUmCSmxvU",
                "NkzFCaWMD98",
                "O-H_Ybmtu_U",
                "O2pubml1FBI",
                "OTxlLT5l8Bk",
                "QD2dAdRJibY",
                "RWnoy2573WQ",
                "S492i8nMmIw",
                "S8ibKpOFL2s",
                "T6rKIjZ46zI",
                "Th0fHjvLgrU",
                "USCFViF8L18",
                "UgSXHJlDgRg",
                "V1zTJIfGKaA",
                "VAMWZUBWRfI",
                "WTIoxtyG9VA",
                "WxuzNP7GSVk",
                "XT8bnSK29Ek",
                "XV0krs-ecio",
                "Y5M1i3UzkjI",
                "YHSyQBzhsnc",
                "ZQc34LzQeZ8",
                "aNHXYzCXWs8",
                "d4X7ENM6Nfg",
                "d7R7DQ5tlQo",
                "djxuceuv_IQ",
                "dqHz24mwmfA",
                "dqzaYuaVvJY",
                "e6LUntX08dM",
                "e77J4g0LMOk",
                "eDdlWu4iwfM",
                "eO2oMrI8C2o",
                "eT-9IYQqouM",
                "eWO22JC4tsI",
                "fBy2KLLuNp4",
                "fHWaKx5MnNc",
                "fRFa8kNgMSE",
                "gMRIY96SXH8",
                "htkosKHgRWU",
                "jU-P9Zw48Ms",
                "mBaqFp258ko",
                "oU-eDiayPwY",
                "pHcJ0L7tEyw",
                "pLMfhzXSG0A",
                "q23qghoF6Nk",
                "qsf_hmBV5FQ",
                "rIwdvTvryDU",
                "rrSgiOEAzTE",
                "s9gmm-dnpsg",
                "sR44xCRfvfY",
                "stYChhmg-24",
                "tXpKNx0qrqw",
                "vKp2Wa2yN1M",
                "vfL98dmakMY",
                "vhSB6Nry6MM",
                "vn9mMeWcgoM",
                "wPnD7yYxI9o",
                "w_Xbg1uZCag",
                "xXHFjE2eUM4",
                "xab4tdnRZhk",
                "xt9zPLfe8LU"
            ]
        },
        {
            "start_date": "17.11.12",
            "end_date": "17.17.12",
            "category_id": 24,
            "category_name": "Entertainment",
            "number_of_videos": 107,
            "total_views": 44348111,
            "video_ids": [
                "-608H1yJmlo",
                "-H90GPnH1q8",
                "-K9ujx8vO_A",
                "-mCPxSHIrPc",
                "0odubE5xfyk",
                "0yk923fa3zY",
                "4puHGQKEkY0",
                "5I0-sqLPhI0",
                "5M_yA9M7yNc",
                "6OvVHtwhGZE",
                "8GJM-mCGTMU",
                "8oKl_qDJHt4",
                "98UNnmUVw4E",
                "AIf61iHwWMQ",
                "AcjaFczpwk0",
                "BsH26w2iFdI",
                "CQ2ILXOPks8",
                "D7sj7L1uLiw",
                "E-RRGJ4aOfY",
                "E5M4FHcxaeA",
                "ERcgOjAz8n0",
                "EtfIzNdt9Ac",
                "F5XhtmhvCnk",
                "F_Q6sjRRZMs",
                "G9kjzTsMlzo",
                "GCK9KGBG_1M",
                "HQEJAFc7trU",
                "IM7i-nOBMfE",
                "J4JRe2uxxn8",
                "K674LKBUukk",
                "KMfmhYg8TKw",
                "Krc71ETM11k",
                "LD2mVsg4ivM",
                "LUaaobt4pOM",
                "LdPZB9n7lLU",
                "LmCGSOkYaoQ",
                "M1-xWWzUkFE",
                "MDOtD8gBaAo",
                "N-k0EgdhJ-c",
                "OSiLKXISCxQ",
                "OTxlLT5l8Bk",
                "P-9ag9mRopY",
                "PZAUU4QjRW4",
                "QAkpbE7Ambw",
                "QFeO6lBWgEg",
                "UEXL7Pn19FE",
                "UF2BHM1aLHs",
                "UH0nTHb6OdY",
                "Uj89P4cPBMs",
                "V0l1NkhEZb4",
                "VDa4Pw6z7fA",
                "WDpIsSt4usI",
                "WkOdHked5x4",
                "XXWyjAE_nmE",
                "XfBM4WGKuxA",
                "YWEashQJSSE",
                "_JlQwzclcSc",
                "aXVipZp06V4",
                "cD08OH60-PU",
                "cSp1dM2Vj48",
                "cpgTT6vpXFA",
                "csX-7ghJ6eo",
                "d7R7DQ5tlQo",
                "dYogC6U_49Q",
                "dlBXJVJ5qlk",
                "eL9RB_jG6SY",
                "eN6ogSMcblU",
                "eRQ6eh-pxs4",
                "erfowr2cb3Q",
                "fOhB5JyEkOQ",
                "fnJy_7UXiC4",
                "g0_EfWp1ocY",
                "gBNCZVRpTTY",
                "gP6uGOLeG0M",
                "ghcQqda1xeo",
                "h_67XloYXTc",
                "isR_334CVeU",
                "j4Gl904Me08",
                "jnxLt4qJZsA",
                "juZ22Em8od4",
                "k-9-KR9d3pU",
                "khPLWaBioOs",
                "lOD7YF4_LN4",
                "llp7HjzUs_k",
                "mbzXQK3Q860",
                "o4PEQNRbC6s",
                "o4duS8xz3h0",
                "omLsCSW-ccg",
                "q23qghoF6Nk",
                "qF4qaLRHjHI",
                "qVxzP0Xrx6c",
                "qhQqaLZnGoc",
                "r4VJ8o6yqzM",
                "rCHYmkzA4Jk",
                "rjQ3HeqdziI",
                "ttSRJnysfoM",
                "u5m5QNusKaM",
                "uRGP5b6P8yg",
                "ubzF2qkYbzc",
                "ufHPhYYb0Ig",
                "vn9mMeWcgoM",
                "x9fjAOxj6Og",
                "y1QUCqwemTw",
                "yVnG-4Tw6jQ",
                "yi7BMXKljRg",
                "zGx_48XFIAI",
                "zgsOfOSA38k"
            ]
        },
        {
            "start_date": "17.18.12",
            "end_date": "17.24.12",
            "category_id": 10,
            "category_name": "Music",
            "number_of_videos": 26,
            "total_views": 48899871,
            "video_ids": [
                "1FIwmSE3XJM",
                "3BXDsVD6O10",
                "3ScQYM1FHrU",
                "3s1Kkh7qUHU",
                "59da0Zg3aFY",
                "6CigQPn9jPc",
                "7t8Krts6QLA",
                "BIQK4-9YFW0",
                "BJpLh9TyaEc",
                "ItL6vcUrpUs",
                "KG-7yu2GNko",
                "WS7f5xpGYn8",
                "X8sSXU-J8fI",
                "a_2NzDkLkzk",
                "bbRfI2oUmY8",
                "cZxxtDp8Qd8",
                "eiDiKwbGfIY",
                "hLAIJMTAGFQ",
                "hSOgNCJmQvU",
                "hXmBbhGbeo8",
                "l_lblj8Cq0o",
                "m5JWmB_Q-Yk",
                "ox7RsX1Ee34",
                "oz-1C-6ZD7c",
                "r1z-XOkJL2Q",
                "t9gy8Phi8ok"
            ]
        },
        {
            "start_date": "17.25.12",
            "end_date": "17.31.12",
            "category_id": 24,
            "category_name": "Entertainment",
            "number_of_videos": 104,
            "total_views": 28760654,
            "video_ids": [
                "-DE3_E0vfy0",
                "-r3XR2ZsPRc",
                "0LEFjquoTxY",
                "1pXzHZoV1Fo",
                "2PP4nfFBI7U",
                "2myTRPtA1hI",
                "4eWqxlWrx7o",
                "4lM7dKPrWBc",
                "51JIo0eQhHI",
                "5dJNS4K6A4Y",
                "6DnPmFL33yM",
                "77pJdK34O54",
                "7OVwntvS0jI",
                "8M_Sevi418k",
                "8bEuFrMsfak",
                "95tGuXXklZo",
                "9DCwIU_lglQ",
                "9MqiJbirS2w",
                "9sbKb4W9LX0",
                "AGWYuO0qCMY",
                "Av-At2GMMEw",
                "BKvIVZo_w-w",
                "Bobgt6zoF3s",
                "CpGfs2Myq1k",
                "CpUnvHn0xcI",
                "DdomnGA4fsI",
                "FiD9Qk8OAf0",
                "G7sQlvht6cc",
                "HWsylCnYUSA",
                "HcIghSl6qnk",
                "ImlXvoj_aA4",
                "JGuGk584FW8",
                "JK_ytQuSL3k",
                "KE0Sw8fwtUs",
                "KeS_BNbzk5c",
                "KhzCjRBQp5A",
                "KxG_10IeGHg",
                "Lb-aFPXzloI",
                "MMM0T11pl5s",
                "MMVQrB_xYBc",
                "Mk4BdOWO7J8",
                "NNUwnNuL3mM",
                "OaYJjkiaXkU",
                "OxZT33_o5Y8",
                "P7bKXz8EIUE",
                "PZnIP57WsBU",
                "Pac7jzcwE6I",
                "PodYDqCtHyI",
                "Q6AB9hD7STA",
                "R_ga-v56Xqs",
                "S36Yq0y3wrI",
                "TapBX4BDpOo",
                "TwDyW-DW3NI",
                "UNz7AGzoC1s",
                "Ud2pBYQ9sis",
                "V7viHPVzbXw",
                "V819vqhnkuk",
                "VhsVwqFPfkw",
                "VrPZCqN4Np4",
                "VwhuiPCGLgo",
                "WW9RYMntgCs",
                "X-d4r_b50o0",
                "XmNB6bYjfj0",
                "Y-ZvYzwTa9A",
                "YLlguNEGnVc",
                "YWzg8wX3c38",
                "YiT4Bpv2mpo",
                "YvTezwcTLwE",
                "Zd3dd8DLBpc",
                "ZjCfYM6dywM",
                "_5YnS314Ce8",
                "_bcU9Rw1Xhg",
                "a7RqWQaNFss",
                "aQb6JlATjVY",
                "aXCL581QYd4",
                "ajpsGvAWK58",
                "b6FDmbLwikk",
                "cbqcXiqIbxE",
                "f-JACH8MhkM",
                "gn4BHh_I5Tg",
                "gwPOwC08M2M",
                "h0J4eLMYdM4",
                "hSa8WmCJ6lc",
                "i1k8IfKk6Ik",
                "iaYPr9KBSZw",
                "jOTjqXi0844",
                "k0iKmUOA72A",
                "lj7PQfogWR8",
                "mfyDvj1XIFU",
                "mo067gydEac",
                "n9APsJhZFqY",
                "nDUGgXOQaqE",
                "pHKlrP9Pte4",
                "pWldZqMhEyY",
                "peuCWvaszvY",
                "qy6YSOjInaE",
                "sH8L4i_CP7U",
                "sytDEIkxDtA",
                "y0ijxN9Lvj8",
                "yJqsPBWbtjk",
                "zA-BTpC-yvI",
                "zQCqRAtOuFY",
                "zTYXX0WBu2k",
                "zgi1OoiUBfs"
            ]
        },
        {
            "start_date": "18.01.01",
            "end_date": "18.07.01",
            "category_id": 10,
            "category_name": "Music",
            "number_of_videos": 14,
            "total_views": 34791216,
            "video_ids": [
                "5t1X1TP_dmo",
                "EdetWtZDTsE",
                "GfCqMv--ncA",
                "H4KKMqRDYsI",
                "JeX7kYUL1MM",
                "LsoLEjrDogU",
                "_088kAE_w4A",
                "bVU-MmJZFFA",
                "gA-NDZb29I4",
                "gTJWt6WNZto",
                "kg1WZhVD78o",
                "n6eXtBbhpYg",
                "tynT8gBA6bc",
                "z2kEKZ6jyQQ"
            ]
        },
        {
            "start_date": "18.08.01",
            "end_date": "18.14.01",
            "category_id": 10,
            "category_name": "Music",
            "number_of_videos": 13,
            "total_views": 26446796,
            "video_ids": [
                "8BQqX3bUqtY",
                "GYBbUUfMnVc",
                "Mgfe5tIwOj0",
                "PLZlHFA7ums",
                "Qv5bFKO0zqg",
                "b7K_lbglfI4",
                "dfnCAmr569k",
                "gA-NDZb29I4",
                "gklE51Oztik",
                "gu9_m0vm7fM",
                "h3eYOjlxma4",
                "k5TqNsr6YuQ",
                "xaqEZoWaf3M"
            ]
        },
        {
            "start_date": "18.15.01",
            "end_date": "18.21.01",
            "category_id": 10,
            "category_name": "Music",
            "number_of_videos": 22,
            "total_views": 34951465,
            "video_ids": [
                "02fRdleMSaA",
                "3V4JG7mGJro",
                "HlclFmbnQaU",
                "LNHkxOU7zz8",
                "M4vnmgZLA8s",
                "Mgfe5tIwOj0",
                "NtccSFkAhrM",
                "S0nbOenwCLw",
                "X6SaVOLRcF4",
                "dTta9D3uCh8",
                "dfnCAmr569k",
                "eACohWVwTOc",
                "jcWmC1oa4KQ",
                "kfXdP7nZIiE",
                "l3vbvF8bQfI",
                "liczsmUSMA4",
                "ppB3JnqhDUw",
                "qZoQw9b4uCo",
                "shpUE67cH-4",
                "tNvmHLtqgtg",
                "ugy11i6Dxco",
                "zIK1VL16M4Q"
            ]
        },
        {
            "start_date": "18.22.01",
            "end_date": "18.28.01",
            "category_id": 24,
            "category_name": "Entertainment",
            "number_of_videos": 97,
            "total_views": 25854445,
            "video_ids": [
                "-8-jSfjrTKk",
                "-iF08LZmkC0",
                "0UE_Z00vFLI",
                "0VcvMzucp7E",
                "2F-Max5L8Gk",
                "2fV9JINoD3A",
                "4Uhe7pNqCFo",
                "4dJSPv9-Dc0",
                "5UA2gGfw0T0",
                "5fDsgQ9iMIE",
                "7H4jvc3ERrc",
                "7bkXXdusfiw",
                "8GdvsLpP3zI",
                "8YVNq21nl1A",
                "8gj-ymGnFq0",
                "90XVTC9uuBU",
                "AKmKjHCYJP0",
                "Br5xdYVbcWw",
                "CY85a4liNkE",
                "EAGP4_5MqNg",
                "EhL2OWXZ26s",
                "FZjmkNBCJss",
                "GH_NsaWnPyo",
                "H3rwLjWxreY",
                "HIAWuXWWVh4",
                "HWXpRGbEzXg",
                "IrD71tas6h4",
                "JGsY0wp0GoY",
                "JcO8Ffui2mg",
                "JpjfAYrZxXU",
                "Ksg6AH1z2P4",
                "MN3EBjEtbXA",
                "NPJZMoq4Lk4",
                "NdhnmWsAhU8",
                "NkSV_SsXqf4",
                "Oaew6rZqrrk",
                "Pcj_4lWphTc",
                "QLFRGj-PPNI",
                "Qt8dG6lwr9k",
                "QzIrpHGcsyI",
                "R6WUBePiFFk",
                "S98KXAKkhNc",
                "Thpaqvmonmc",
                "UTxAkOwVDmU",
                "Uq4I5RXbQZg",
                "W1Jl_D9PJFk",
                "X1g5F7jWvdU",
                "YITNq9mdN-E",
                "YnUaOrC9qTU",
                "ZdO7q_ct56s",
                "ZtlxDFthp00",
                "_hzhLRVyMl8",
                "aWAp9pXi_DI",
                "atkqGGsF42k",
                "bBbGioiijDk",
                "bYdwUW8Lafs",
                "e8Z02pnL-0A",
                "eNk12DW41js",
                "evzWEXpW1pM",
                "f23Ak0N--Po",
                "gOmlAU_wVw8",
                "gjfTSFzzm_o",
                "grZlYXoUm4o",
                "h76cs45ZwcU",
                "hv2yjQBT3vI",
                "j7ExsRw4LNY",
                "jy_XvOmI-pY",
                "k9_joNFmut8",
                "km3TdLm2qR0",
                "l5EHEKgdBx4",
                "lcu_06J6tRE",
                "ltzy5vRmN8Q",
                "m2bdU6N9pEQ",
                "n1tXIo3DIps",
                "nLpqZEAFnkE",
                "odFpZrojsIA",
                "qCFdU1eC9Xs",
                "qOKNU2Fx1nE",
                "qhZtGWZJpWg",
                "qv_YH3VmZdA",
                "rfLI07tkf7g",
                "sKIvVoovkCc",
                "uM1wloLsBUE",
                "u_dt-IScsCY",
                "vE4I0DL8oTI",
                "vXfnNzBczxs",
                "w4mI5z9ffaU",
                "wNLAbbnGTDQ",
                "wZFjAiI0288",
                "wiAU6tNUm-s",
                "wytRPkKAsNk",
                "xnH3NNgElx4",
                "xuFe36i0mNU",
                "yJKrlI0GWWs",
                "yNmpnb3IZl4",
                "z4hhRN1-ScI",
                "zOZN8Ez8ViI"
            ]
        },
        {
            "start_date": "18.29.01",
            "end_date": "18.04.02",
            "category_id": 10,
            "category_name": "Music",
            "number_of_videos": 16,
            "total_views": 27146532,
            "video_ids": [
                "4EBEHQ9WYLQ",
                "4_MMmEJ2BIc",
                "6OcOO1k-vGE",
                "8BUxw9ocM2s",
                "HI-mXMr8glQ",
                "IPL_zg_hYnU",
                "J_CFBjAyPWE",
                "K5xERXE7pxI",
                "baj6llvgpWA",
                "fY8iLUkZ5kI",
                "jl8mGTD4KqI",
                "maU5rLgMvWI",
                "pj2CbBnf7G8",
                "rNYduKIyEvA",
                "sF4yTDp95Eo",
                "v7K4vGYL9zI"
            ]
        },
        {
            "start_date": "18.05.02",
            "end_date": "18.11.02",
            "category_id": 24,
            "category_name": "Entertainment",
            "number_of_videos": 104,
            "total_views": 66870148,
            "video_ids": [
                "--I0aj8MUdU",
                "-eAeKnHB0Hs",
                "08Ip6CBAPyg",
                "1Bvej14BrFU",
                "1Isd2Nyle1E",
                "2X9pbO2dFaY",
                "3BsE9pNd5vU",
                "3CB43DqjWIk",
                "4GB4hBUYLC4",
                "4Gl8Qb_Jigk",
                "5QhYCF6Uw6Q",
                "5nItNLfdwe4",
                "6aGB75hMpPI",
                "75NntVQVrK0",
                "7cqYiUmutGI",
                "7fKNp-oc5dM",
                "87lKSZ637oE",
                "8aoHiS-HyFw",
                "8brYvhEg5Aw",
                "8es8T7AsQD0",
                "9Dmcbd293K0",
                "DEACezoEv1E",
                "Da5IBhkyNe0",
                "DaAp7p3ZkIs",
                "EU8iF-8zE-Q",
                "Fz-oCMTLKp8",
                "G3bvBpA0Q7c",
                "GVZqxHb4QMM",
                "L1immbfAKO4",
                "LBAP0RP2oQU",
                "LEbmAplgc0I",
                "LVi1Az3mBWs",
                "MEePYLF9Uzs",
                "NU_AhaDz5Pc",
                "NYLqeykiiFU",
                "NooW_RbfdWI",
                "OP7X8zId1Uc",
                "PT5fXUNktSk",
                "Pa22ZqNEqLs",
                "PzwufgPyTCo",
                "QS8bma7LRX4",
                "RJFV2XHETRI",
                "RmKl9fb7KLA",
                "SGtTgrtONr4",
                "ScFqW29V-CE",
                "SjbvrBodBLw",
                "Sl9npEDYeLk",
                "THfflcYgaJo",
                "TPtqy3vFQ3E",
                "TnlqTcX7P58",
                "U4Gc9apl7YY",
                "U9i-KX9jU9I",
                "URCvfjG0CYk",
                "UYJhf9XGN18",
                "Uz6lzVM8Og4",
                "UzAMTqZYFWE",
                "VSnn-WAPpCY",
                "WWJtF4PAtY4",
                "WeirghrvdnY",
                "XNUSyXLWYWo",
                "XXdpDDtWH3c",
                "ZJ7YpP2lvGA",
                "ZLFCxQ04Awk",
                "ZY63ZSUdywY",
                "_H4NSsXIbFs",
                "abQ2iJilHMM",
                "bgJ7MAYLW2M",
                "cJHgTYeXDQQ",
                "dJbtc3dtlhw",
                "dNW0B0HsvVs",
                "diCRo8T8vrI",
                "doP7xKdGOKs",
                "dwrDIj6NVQY",
                "dzxFdtWmjto",
                "ermo0yDkuH4",
                "fMeeITCx9JA",
                "fu_s5dMqJdI",
                "g4poKgQZX6w",
                "g9MbSZRWOiY",
                "gTfQpG05Za8",
                "hSvnepZS26s",
                "hgLKuQOpOaM",
                "jXpl94ksdEM",
                "lCbZrTsSE7w",
                "lfN3wZDaiv4",
                "n6MfNYkkCcE",
                "n98cbRXbyFs",
                "o1c-JjwrKbI",
                "oaLRyYS9xUY",
                "ogDLdREonWY",
                "oqmKG3EP-Rs",
                "pVxOVlm_lE8",
                "pmlNxZcBKkA",
                "rAnw_W5gzhw",
                "rC3zourh1P0",
                "s0SNEeO8VqY",
                "sELKjw_XhWk",
                "sYKnj2KxGVA",
                "uvg8FWPf_qM",
                "vegjueV2nec",
                "vogaUysWZZA",
                "weYp9zLZGs8",
                "y9w-dPxaL88",
                "yP4gEkKwxPI"
            ]
        },
        {
            "start_date": "18.12.02",
            "end_date": "18.18.02",
            "category_id": 10,
            "category_name": "Music",
            "number_of_videos": 21,
            "total_views": 38229253,
            "video_ids": [
                "3OzZ82YHCac",
                "7R1N-8SoqcM",
                "8h5niaw2mAM",
                "9vSDfRMrJU4",
                "FQwXp4AStBg",
                "FzcJxJAxFtw",
                "H2hGrsExuyc",
                "NV-3s2wwC8c",
                "QQ_3S-IQm38",
                "UlXPdOuNU3Q",
                "VZBC2pc7erg",
                "VwAnsAUYnw4",
                "W6aOCchbQCc",
                "_hMQe2U4c6w",
                "cNtnmxw6ak8",
                "fFDS2Ms_-a8",
                "jzD_yyEcp0M",
                "lzLQP25bTBk",
                "wIimU5-UEPc",
                "wfWIs2gFTAM",
                "xYtsL9znopI"
            ]
        },
        {
            "start_date": "18.19.02",
            "end_date": "18.25.02",
            "category_id": 24,
            "category_name": "Entertainment",
            "number_of_videos": 108,
            "total_views": 50354804,
            "video_ids": [
                "0DZlwgP-VMI",
                "0gxecDS-dFQ",
                "14FH3jpKUcw",
                "1HQ4TCW-_QA",
                "1QVlKUrjbWw",
                "1a-1KIZ5-pM",
                "1uhPYjbPIGg",
                "1voCYKcgqcw",
                "2f37AwVa2Ck",
                "2jM1jhaqYFU",
                "39CdpEsuyxk",
                "3haKMuI2S3Q",
                "40PK4ohW1eo",
                "4m09mD7xy8g",
                "6TrGKcrUI_w",
                "6U_5PUPfT0I",
                "6jnDgvBscEY",
                "799765ztSNE",
                "7HF4ViTOXUc",
                "8_ocCwk5msA",
                "9k6F3Q0IFV4",
                "9xxu2PtHPPw",
                "AnRkugr7r2o",
                "B4avW0fcIu4",
                "BUR8mWK0Pzk",
                "BiiuUzFQ2Bg",
                "BjwjSwu9Q3Y",
                "CBZxgKSQ3y0",
                "CiG3WbsA9fw",
                "CpctzKtj0ho",
                "E9PpSlwkP0Y",
                "EQyU6fGDn0c",
                "EjiBQDRyxoM",
                "J22nXbA8MKI",
                "J2DgR0ulgb0",
                "Jz50eTT6y8g",
                "LOEjc6QRlL8",
                "MbfVyFBH9Oo",
                "MfGQPtPkz6w",
                "PcQSKfgtddc",
                "QCjk_NPsIqU",
                "QGZmcPA3QsA",
                "QM13bCl1EtE",
                "QXiGbUCiKdA",
                "Qd8kFkMwIGE",
                "QlBm0nEXvKs",
                "RNTokUzrPxE",
                "RjjF5Ogy6V0",
                "RoVk-9w1HR8",
                "S5dDEULvVtU",
                "ShyHhh9OwxQ",
                "U-Ph49JuBIE",
                "UE4QbCIVKhY",
                "UU9k6QwKSiU",
                "Vksflolj05E",
                "WkeJ84c5ark",
                "XMutaJI2-kc",
                "XTJ5QL-mi8E",
                "Z2Q0KwQQwvA",
                "ZO4CMPCmFDE",
                "Z_IEKoN77Hk",
                "_3MDMfsk954",
                "_nrSYQhRxmo",
                "ad_higXixRA",
                "bikluCiQWFc",
                "cytyAgu9-bA",
                "eIoHoQImDrg",
                "eS9NJfwqTUM",
                "etDqhyJp-6E",
                "f22A1amWmYk",
                "fdNxwW2xjAg",
                "ffmgY22YNUk",
                "fkfIMoCemsE",
                "gSfmq1RNspM",
                "gsmyNL_-lD0",
                "hAHkLMXo7Z4",
                "hCcv2CPEhpk",
                "hHAlR2UTtqo",
                "hn1rvCgwLso",
                "i08KXi7lSX0",
                "i5blSYp_QJQ",
                "iNvyoh4HKAU",
                "iUx6mWX2Cec",
                "k7AENMQpq9w",
                "kCFrukRCapQ",
                "kyMorDyvKl0",
                "lFDD57bywq4",
                "lsS1GYaDSFE",
                "m28762sla5E",
                "m2WRP05nNfs",
                "mQa97C9hjTU",
                "nZn379Lo0BY",
                "oyQrcmALIEc",
                "qA4fA3zOrqo",
                "qbMTukAJskQ",
                "rePTL23pzFo",
                "rucem5njNVI",
                "sSmaRXnWaaE",
                "saefEly2hNM",
                "t0tQQdupHbg",
                "tT6HpU1nPC4",
                "tWL8EuT50BY",
                "uG47g0jvSic",
                "umv_ZAN4Bms",
                "vWR4KJeOC9c",
                "wIn3u1SrYqc",
                "wwC6h3QrGlE",
                "ygynEjLqhgg"
            ]
        },
        {
            "start_date": "18.26.02",
            "end_date": "18.04.03",
            "category_id": 10,
            "category_name": "Music",
            "number_of_videos": 25,
            "total_views": 70082043,
            "video_ids": [
                "2IU-3VwGfzw",
                "3ecsXOqHojA",
                "54PHdAEmJkM",
                "BQ31l1gPGKM",
                "DGhPGH2YROA",
                "E-u9uo0laA8",
                "ITo09tAjAIo",
                "LPTlvQ1Zet0",
                "MGYJuETPQEg",
                "NQpr8MgYEek",
                "QdnvoWyoiY0",
                "T3hXC5yNZOc",
                "VUr9JZQ8F2g",
                "XR7Ev14vUh8",
                "ZD4hheW4BGU",
                "ZGEoqPpJQLE",
                "_I_D_8Z4sJE",
                "f0bbDFRYD_A",
                "gq73wvAY9tc",
                "kton-qrKNLc",
                "rrr5PNVRZQw",
                "sg10aLN4uPo",
                "tB5ZgV1krlU",
                "xo0t0bv7D9c",
                "xuAH21DkJow"
            ]
        },
        {
            "start_date": "18.05.03",
            "end_date": "18.11.03",
            "category_id": 10,
            "category_name": "Music",
            "number_of_videos": 20,
            "total_views": 31605364,
            "video_ids": [
                "-BQJo3vK8O8",
                "-ccxOY9btlw",
                "37lXjnflt9M",
                "74W8bgRBX7c",
                "9Hi7elAQQg4",
                "D6ei_jG3_x4",
                "Dif0Sjdphds",
                "HeF4zfz5WF4",
                "LJjsm6CVsG8",
                "Ph54wQG8ynk",
                "RHtlUjpuffE",
                "RQm0nKoODo4",
                "VUr9JZQ8F2g",
                "b2RHgyH-Nxo",
                "cZPjgcqHSa8",
                "dGqd3N8OXFo",
                "fC8gutkCu1c",
                "gw5_d9LD_vQ",
                "jFBJnbTW_z8",
                "lhnmVSB-Rxc"
            ]
        },
        {
            "start_date": "18.12.03",
            "end_date": "18.18.03",
            "category_id": 10,
            "category_name": "Music",
            "number_of_videos": 25,
            "total_views": 55966946,
            "video_ids": [
                "-BQJo3vK8O8",
                "1SnWTW6YXbE",
                "8OARiNiJ_w8",
                "DmKvSA6RZuI",
                "GZUhHQ69jG0",
                "JWKJ285bYW4",
                "Kvxz6zIXdak",
                "O6By8JeCtQQ",
                "Qad7-gpGtWI",
                "T_mWpPSrVK4",
                "Txlk7PiHaGk",
                "XvIpLfV5GKo",
                "_QO4zXwwpS8",
                "cBwfsXkIMQM",
                "eyyNwOSQ3Yg",
                "gw5_d9LD_vQ",
                "hL7Rt8-Zu1Q",
                "lhnmVSB-Rxc",
                "li95v2oLcLw",
                "mlf4bidp2yc",
                "mt1nmxW8qt4",
                "nTPmGJ1_Mto",
                "sS0LCjOiIhc",
                "tCXGJQYZ9JA",
                "zLBykCSDF64"
            ]
        },
        {
            "start_date": "18.19.03",
            "end_date": "18.25.03",
            "category_id": 24,
            "category_name": "Entertainment",
            "number_of_videos": 112,
            "total_views": 38732998,
            "video_ids": [
                "-WLBYz1586A",
                "00fz01oCinw",
                "1bpRKNG4fx4",
                "2B26jWJu3fU",
                "2pyTIl5BwgQ",
                "358muWOMUuc",
                "4Je8atfvRc8",
                "4_pgz5iKlsA",
                "5r-07Lsb2Mo",
                "6ciQldp4Kzc",
                "6ojjvi5gUaU",
                "6sGecZAG_cY",
                "6x1oo8ZYbCQ",
                "72xrR3EJCAc",
                "79wHRmvZKb0",
                "7DPnpuK39Hw",
                "8EmpCl_Qouo",
                "8o-2-Sx3MBg",
                "9KvUdem8p1I",
                "9WFf9XY5rME",
                "9bnn5xQrJqM",
                "AF3q0QHW_qs",
                "BsKVCOEJTrE",
                "COrbfHyR8Vw",
                "CW_UQL2gm7w",
                "DMbWwSOU5g8",
                "DfkurPJjHYM",
                "Dg_zgF7Y2ZE",
                "DkiyT-dnmv8",
                "DnZ0-hcbKtU",
                "DuDdt70KMaM",
                "EhpO-R2BPoo",
                "Em3238YsQ0c",
                "F_ENaeOBwt0",
                "FwENtwtY0EI",
                "GFhDrFL5xlg",
                "GGTmDYN2nww",
                "GVCPRpIiRaE",
                "H-RrCQQAdK4",
                "IodKKiKklpw",
                "ItSNpbZXvOA",
                "JDnUSQCyeis",
                "JnD4KOdsO_w",
                "JsAn_w3W130",
                "KSOG4-JUVD8",
                "Ku52zNnft8k",
                "KyYNqndtCSk",
                "LNjiBBCNkk0",
                "Lm12f30wJ1I",
                "MWoV0TP4c04",
                "NIv1XZJYhmw",
                "NRVqq6ah7nc",
                "PO3YBEJUWGk",
                "Q9vnV1tXs6Q",
                "QUWIjG4UZZI",
                "QfRKjZfcltk",
                "QwievZ1Tx-8",
                "RfFKHvMsMg0",
                "T9KD9xtYOzM",
                "UZFQf4zJPGM",
                "VVSDRN8Kh9s",
                "VWKcqPQf_ZI",
                "VwWV4JelEzY",
                "X15kJt-P71Q",
                "XOdaX_zkRMs",
                "XfMySPuPlxU",
                "Ypa2xQW6Om0",
                "ZCPwpcurYns",
                "_6lwVJ6ir8I",
                "_Hw9Mz6vTaM",
                "_KY8Zn-wj3g",
                "_MF0KgVhWvI",
                "_Na5hMcAvRE",
                "aE-cHzlLM-Y",
                "agnPQet_VyQ",
                "bDkYYmWd2yc",
                "bJD3qiXrN7I",
                "bWfMzZfNU_s",
                "baKFwBsdp_E",
                "d0zLuC68xvk",
                "f9g6NCHQrcE",
                "fH5SelF_glc",
                "gjQ1Brofle8",
                "hPW41I-h0Vw",
                "hoO6P5g3oB0",
                "i6UkcRNcn4g",
                "ikH62qCV5Bo",
                "jksBnPWBMSk",
                "jmzXu6F0pmw",
                "jzIE_oKG9PU",
                "llICDjqAC5A",
                "n1lBhjmn_0o",
                "nsjPEcRq_0c",
                "p5d4yjiAP-I",
                "q1BiO6Ig8So",
                "q9FX3r35kj0",
                "rJCsCr-aMVs",
                "rqxbj7Obn7Q",
                "rs2RlZQVXBU",
                "rtR6WKB6QNk",
                "sNuQi0O8nTI",
                "sxHTI4JBi2g",
                "tb55BRPIqjk",
                "uLPYQ2gB-yA",
                "u_gnu1XPNpA",
                "x6ckUEJLHSQ",
                "xNYrQcsYWlg",
                "xZed1W1r-pA",
                "zSodCKWDGx8",
                "zZcqgKUKD1w",
                "zyzuut5pZDg",
                "zz2ZSsUUbFs"
            ]
        },
        {
            "start_date": "18.26.03",
            "end_date": "18.01.04",
            "category_id": 24,
            "category_name": "Entertainment",
            "number_of_videos": 98,
            "total_views": 23527622,
            "video_ids": [
                "-pvuB8UI5nU",
                "02g9A-9--Ss",
                "07s3E2Gcvcs",
                "0btSB8ES9sY",
                "1Flq3133Mh8",
                "2c18PX9acwU",
                "37XXTu_THg4",
                "3kuEFBsXaNg",
                "4WYnXlWCh2I",
                "4xiV_-sVmcM",
                "5Diyv70aBGQ",
                "7ZalJSTxh1s",
                "7rboDk-m1f0",
                "8sGNgHQZ--s",
                "95E4UJCY_gY",
                "AEJzJa5sBHI",
                "AIvf6r4-EQ8",
                "A_f7GHjLN9Y",
                "CIGUWUYU7Pw",
                "DncP0u3-XRM",
                "FNdyDazu3V4",
                "G4QByWSQ9ss",
                "HUqYRGeOhWI",
                "JNA60SS-qCE",
                "JThzjkByzfg",
                "JXas36-4Bgs",
                "JYGNmWwGfig",
                "K2gMu37FZAA",
                "KFoaDgkhMfM",
                "McXkvzSTLkk",
                "Ml9v3wHLuWI",
                "NE3dUaGECwE",
                "NlkfPR8PZSY",
                "Nrwuntw5LL4",
                "OOxhLVujhhU",
                "OShVToVhfkI",
                "OWvrFhCFR-U",
                "P62zQv5JNCI",
                "PCSAi2Llrng",
                "PO8dkRmSEfc",
                "PYX2tS3gB3E",
                "Q2jSKnadE_Y",
                "QYnLBjnO1g0",
                "QsviXswaTAk",
                "RKqcRcKGv7c",
                "RxGE-46SGD4",
                "SFiTmu3SbLs",
                "TkWmK-cplV4",
                "Tz_ld89nog8",
                "UozlA4KNj_Y",
                "UsS7CR7FUos",
                "VK8fwLQJoEY",
                "VVMCz04CmlA",
                "VkOSmUF2IQA",
                "W68YfvZ44jw",
                "XiknQ4uRH_0",
                "XraaWx8KE3s",
                "YEPdxsAg8Ik",
                "Yiql8roK3Hc",
                "Z0kqm7iSVCU",
                "ZPE3cA7yZ-U",
                "awYEpuoKYpI",
                "b7v-otIgo6U",
                "bfqde8ylyik",
                "bij6z62f5t0",
                "byFz3Glb7MM",
                "cJvyOdWK73o",
                "d-_s46Uob5E",
                "eStC5-bhZGw",
                "eboUqs3kNK0",
                "ezmGUtPM81s",
                "fkmsZFkPAws",
                "hLpKk7Lssog",
                "hcybKv5oTQI",
                "iBOPOPs5vBo",
                "iR3m-HWROu8",
                "isZ0k3jDFYc",
                "k93yDdzrCy8",
                "kE2xzxdgWNk",
                "kVHllrVjgMY",
                "kwcF0zKeCxI",
                "mzSQ--M6iRY",
                "nOphT8zxFhA",
                "qph5Zp_QtlE",
                "rxKOcte2JSs",
                "sudG0ziGP7U",
                "syubN716KuI",
                "t3fEYAUAwp4",
                "tAtvxvqg9tY",
                "tKI-Z_o54zA",
                "tUBMQsSNTPY",
                "twjrKnb0YkQ",
                "vAmCRLU6-iw",
                "xNhNbjJLsN4",
                "xgNTJjUC2s8",
                "yW46IzghF-M",
                "zXEY8j9Z0oI",
                "za5qutRlP0k"
            ]
        },
        {
            "start_date": "18.02.04",
            "end_date": "18.08.04",
            "category_id": 24,
            "category_name": "Entertainment",
            "number_of_videos": 73,
            "total_views": 16923415,
            "video_ids": [
                "-NDj_CX62To",
                "-_sokgUbQ3s",
                "113davpf-gs",
                "18yTm_lhyfs",
                "1SRUFa3zE8U",
                "1d4OBiC7Bok",
                "4qrJuU04osY",
                "56ewGBKdQ0Y",
                "5qPrZ-6ZChg",
                "5vsEdmtwgB0",
                "5wKh99xBLgw",
                "7gA63iLM0lg",
                "8T62hHgql5c",
                "9fB0GBwJ2QA",
                "AZUT__JPqos",
                "B6F4ol6Ruwc",
                "C3wUOQiVMvk",
                "CIbeYjQ3yGA",
                "CkrOE75F_BM",
                "CrbVArYRozg",
                "DUsZQa6dZfk",
                "Dm8X_jhmb2A",
                "Dn7pVUxpUJQ",
                "Ealdqd2Upfw",
                "FFJ0J3t2ueo",
                "FYk7UZc9ZVM",
                "HKc7uUl3StQ",
                "KFQFF796bGc",
                "MZi4QLtqcdw",
                "NZE_0kYIHE0",
                "NlkfPR8PZSY",
                "PDR4Sqy6Z3M",
                "Pn_S-53vQn0",
                "S8e1yxXiODQ",
                "TRUguwnzSm0",
                "VUAlIgjDXAc",
                "W68YfvZ44jw",
                "WhZxheIcNDc",
                "X9jCmZm9CQw",
                "XA51u52v4wA",
                "XFOOI5zSbSU",
                "XL98ybgVJQ0",
                "ZTPzw_-XqgY",
                "ZzRrihP-Ej0",
                "_h8J6snFB0c",
                "aSozR1GKefY",
                "bM-hQrcONg0",
                "c-2excR77E8",
                "csLiDWIqJRs",
                "dD1YeYV-1_U",
                "dbvOiYC3OfY",
                "ijNd7OVd7LA",
                "jbp7iHRtKVM",
                "lYRUGtSesXk",
                "m0LSRUTmVvw",
                "mP5GKVUEYAE",
                "nh3Yhvff_mY",
                "oB7NE43PjWI",
                "ohn3zb2BZzg",
                "osWlgDUJjvM",
                "u3UybfWwMTc",
                "u6UZyy_yBQM",
                "vb97DrNDSfM",
                "vqVjHXz-XOM",
                "vxlXOhEE0r8",
                "w0E1Im1o-g4",
                "xC9-30wl1cg",
                "xaAOiTF-EFY",
                "y7wZJ5Ge-Pk",
                "yQKtUga2o1w",
                "ycgvsLVtofA",
                "zsNUE5lLuOc",
                "zv7ttVStG60"
            ]
        },
        {
            "start_date": "18.09.04",
            "end_date": "18.15.04",
            "category_id": 10,
            "category_name": "Music",
            "number_of_videos": 19,
            "total_views": 25490694,
            "video_ids": [
                "3lIwWs1dkdA",
                "88fPrsdPcGo",
                "9TUBf6l7FBg",
                "BTyhz6DpMi4",
                "BidS_rcf7UU",
                "DPxL7dO5XPc",
                "J-dv_DcDD_A",
                "JtCy-eI57Tg",
                "M4ZoCHID9GI",
                "MaoRf0OwYG8",
                "TGvym1bLi-4",
                "ZZ6ZhLQJ9tk",
                "_NWs7ntMRBA",
                "asDHD-wN3BA",
                "cXKhqqk0RaQ",
                "caZsVvKE9sw",
                "eaVSN3coQM4",
                "pQSID3EaIYw",
                "rzgw0XldTC0"
            ]
        },
        {
            "start_date": "18.16.04",
            "end_date": "18.22.04",
            "category_id": 10,
            "category_name": "Music",
            "number_of_videos": 24,
            "total_views": 64687770,
            "video_ids": [
                "3RmbF8i5YsI",
                "3lIwWs1dkdA",
                "3pDKb0Pk0IE",
                "7BpkHXV4Diw",
                "DPxL7dO5XPc",
                "HS-IGKUksog",
                "Lj7il_Lvst0",
                "MgvrkdxG2cc",
                "R9tGqDgGvDo",
                "UCdMwyIy3ks",
                "asDHD-wN3BA",
                "ayb1wJ9_Xmw",
                "b6DPdaGTTRg",
                "cXKhqqk0RaQ",
                "ffxKSjUwKdU",
                "lPiIp5QuTRU",
                "rsWmrGuuWuE",
                "sbf9x33iEUM",
                "tlILlcCE8Sc",
                "vUTI4bPdlgE",
                "yO9snUMvRuU",
                "ytwq9M1Mq8E",
                "z5WrgDzNIZ0",
                "zEf423kYfqk"
            ]
        },
        {
            "start_date": "18.23.04",
            "end_date": "18.29.04",
            "category_id": 24,
            "category_name": "Entertainment",
            "number_of_videos": 100,
            "total_views": 89698719,
            "video_ids": [
                "-NFEYRHRTug",
                "-RwypjAJrAM",
                "-oszvKQ3Cpk",
                "0QpLTM0iJYs",
                "0VlfItmdxmw",
                "182w91bOpj8",
                "38ScUpuO7v0",
                "3Z8sA8VUnRk",
                "4BtPvhvMTP0",
                "4X4ImTkqpxA",
                "52Zoc8ztTo0",
                "53kkwaob8O0",
                "5JYqTSSH6IA",
                "5xnZ_CeTqyM",
                "6R-gTZ-z3hQ",
                "6ia8dZnUh-M",
                "8-P-sAYBT-Q",
                "87T87UPmVfM",
                "A0gRHq_6Xa0",
                "A17_GLxFF90",
                "CosPLLQ_yyY",
                "DM30XULLz6Y",
                "DaP-Lp3Tgg4",
                "DpEfsDmMyF4",
                "EQuPGsDfZh4",
                "Eh5eWMn9mJM",
                "EoLguI2AH9A",
                "FeCjf_ZxxQc",
                "HH6M5tPZfdo",
                "HrHhmnSJhSk",
                "IjVeLzl-Jo8",
                "Iq6gCapM9gk",
                "JFBudC8TEmw",
                "JMvkr_SQh6A",
                "K8jLEgPsXKw",
                "KLagR_uBd0o",
                "KOt5Cd-ZwTA",
                "KtM2vZRvxnE",
                "LB3bJPyTVF0",
                "MKvxo14wYlY",
                "MdiP-FATiCo",
                "NWpA_yuUL9g",
                "R0r5PFB-pFQ",
                "RJSCv0QOOX0",
                "RMe_BE1_IuU",
                "SRfXOD4-yr4",
                "TkVGSdWZUGA",
                "VopB3HnOJQQ",
                "W5qRRqp10y0",
                "WaCWuyHEdV0",
                "WfcukuhE1D0",
                "WwRwTfI8zv4",
                "X9U4hBXox78",
                "YP18Zg9OzN4",
                "YRmmy6NQmlE",
                "_CcqjgSo93E",
                "bCys42hGcoc",
                "bHb144Mkhjw",
                "bNuSXqpycIk",
                "baG767jr8c8",
                "btG1nqRLSz8",
                "csA3Ie-VIbs",
                "cyIftAPf7kM",
                "d4kDR5dresE",
                "dAk1pgNg340",
                "dnE1bdXbkfQ",
                "fAYjSLtz6wQ",
                "f_0duM9EQx8",
                "gwpDzIjUV6M",
                "h0Z3XZMk-3Q",
                "hVlAs7lDBcU",
                "h_z5v4KpPXM",
                "heNYBivbt-M",
                "iWhk6DRqGjQ",
                "jfWVTO_iO6A",
                "k2ncBw-Y-Yw",
                "kUwIMBDDJQo",
                "kmctqUnzUVw",
                "l-pbrYIGGIs",
                "l9RWJcYJjw8",
                "lWEhXAmTskQ",
                "loTTXvvMkEQ",
                "n_1nPovdD2E",
                "nfI5j2ORMVw",
                "oecKB9QZwxY",
                "ovIVz3Q0AQY",
                "qR8e13Cu3Sc",
                "rRr1qiJRsXk",
                "sxdj9j88AkQ",
                "tHmAPWOo2jY",
                "u9Mv98Gr5pY",
                "uDmv_JS2DDo",
                "vHwNvOsaF6o",
                "w0ALeewL8Z4",
                "wGDPML1X5v0",
                "wM0FTIMAu8M",
                "wNG9Hcn7F-c",
                "xqLVCuZnhrQ",
                "yRRTHNmIPtg",
                "zUVwO64cMsg"
            ]
        },
        {
            "start_date": "18.30.04",
            "end_date": "18.06.05",
            "category_id": 10,
            "category_name": "Music",
            "number_of_videos": 31,
            "total_views": 54635663,
            "video_ids": [
                "0KbqBA-VlRc",
                "38wsRavv4ns",
                "4t6rQDxJwno",
                "5GHXEGz3PJg",
                "5nun8qvVWc8",
                "5orrZxSjLQA",
                "6EBCzYq9DSQ",
                "Bs-Hr-gEJAU",
                "CKhLVMqJ7p0",
                "CX11yw6YL1w",
                "DSRSgMp5X1w",
                "DkeiKbqa02g",
                "E5_7kQpLvM0",
                "HhoATZ1Imtw",
                "IAuzNXGmkL4",
                "KgMxMavEUVg",
                "P3iLo_JI9oY",
                "Wpm07-BGJnE",
                "XJT7I0sLdD0",
                "XbqPNpyee80",
                "azjyRuSZD4k",
                "cag6mg-mZQ8",
                "dARAN1z2KqY",
                "iWZmdoY1aTE",
                "qSKOPBVkpJk",
                "sqCLVS1GgJs",
                "tsp7IOr7Q9A",
                "uJ9M_7zSa3s",
                "ucVJrja8r6Q",
                "vjI4Alon-3Q",
                "xzHJ2aZR6e4"
            ]
        },
        {
            "start_date": "18.07.05",
            "end_date": "18.13.05",
            "category_id": 10,
            "category_name": "Music",
            "number_of_videos": 20,
            "total_views": 97111190,
            "video_ids": [
                "32sYGCOYJUM",
                "6rwuqarFZUc",
                "8NtbKpYqfkw",
                "8h--kFui1JA",
                "8w3gL8qPOig",
                "FRjOSmc01-M",
                "HxTYReOlLkc",
                "Moa7lrS0le8",
                "UWX5u-g28Q0",
                "VYOjWnS4cMY",
                "Wpm07-BGJnE",
                "aoPP6tRYD4g",
                "cXQYsW4Jfg0",
                "kMM4HIj0BpQ",
                "l884wKofd54",
                "p8npDG2ulKQ",
                "tjA7nAHOAww",
                "wkFMW8s7oCQ",
                "xVGRDPxlS7k",
                "z8ynZbOPPGo"
            ]
        },
        {
            "start_date": "18.14.05",
            "end_date": "18.20.05",
            "category_id": 24,
            "category_name": "Entertainment",
            "number_of_videos": 112,
            "total_views": 61532348,
            "video_ids": [
                "-C66-6LRVHE",
                "-PO2jJjNzsI",
                "0MHnYiiLi3w",
                "1RZYOeQeIXE",
                "1jk3oyijQW8",
                "3KiU69cu0hI",
                "3YWONOIRNg0",
                "3hBiRvtIRwE",
                "4o0cU2-IlCE",
                "4oLYsYO_Sp8",
                "5WeGNZgmIxA",
                "5gy7wSLhJr8",
                "7hN1r9jksJo",
                "84LBjXaeKk4",
                "8cQGzbu98HU",
                "9Y7X6le5qmE",
                "9flG5EqRPSc",
                "AuSVnJJOsuo",
                "BWBS6w1kLKg",
                "C5Rm6rDbF20",
                "CDDm6eu3unU",
                "COkL0XPnCOY",
                "CQy3U05_8uU",
                "CTH_cEmp6Kw",
                "Cc4Sb8VZuRA",
                "D0bT1CZn0sI",
                "DG8Vpj3jDMw",
                "DKP16PZm69c",
                "DQlgZq-AWsY",
                "DTEtvfKA8rk",
                "EZHYH43PSDE",
                "F7n8Szu4m5s",
                "Fgd0RrJBXGo",
                "FmeVHlJOpzQ",
                "Gu-nwRUW9ZA",
                "GuTYtXN9Tbs",
                "HTTpDGDAxtg",
                "IYfgvS0FA7U",
                "InsFhJxALhM",
                "J5hWGBYJRMU",
                "JIJB7cv97Dg",
                "JbbAJwsMTJA",
                "JxlwUCtSOmk",
                "KObL442PWhQ",
                "Kzwq1RxPcbA",
                "LPX4uBnmzGY",
                "MQSNGUPmVYs",
                "MWb2vazaD28",
                "MfOUrcJXORw",
                "OBQJyr_CxEA",
                "P1cD0ACAUNA",
                "P2mKlngatoM",
                "PKffzHbEdac",
                "PZqRgT85E0Q",
                "QNZ53Cpl9B4",
                "QOFFGfPgFfs",
                "QewLyBBiTAk",
                "R3gYYWIAaM4",
                "TToAcv2q4sU",
                "TdKAwPP3s1Q",
                "U6VfpTsqw-s",
                "UDlpZJ8EG8c",
                "V3HIXBaAVoc",
                "VDhHa4X9m-Q",
                "WTMzIDfGpKY",
                "Wd69L0vmaOQ",
                "XF4_DvnNeCQ",
                "Z0IMCK81Ffg",
                "ZATa3PgnyYI",
                "ZHYr9YrpBcU",
                "_AgzMTsNdR4",
                "_MOVYyJqIdE",
                "_caLZ8DfV6s",
                "_ezMSaHr56I",
                "atLL2Yzi3bg",
                "bVeAdzNU2ow",
                "bWnQevBxYYE",
                "d3bsd8N_KGo",
                "dX4jl1tukvM",
                "djIKPBvqJ8o",
                "dojyx_b5aeA",
                "eiudTjsGM7g",
                "ej46Gqccens",
                "evKZGQ-qwEE",
                "f6PV2ECcFG0",
                "f_R9_xdhuNw",
                "gBoUQwFAkGc",
                "j0fB6Cg5AAQ",
                "j4KvrAUjn6c",
                "jfyDd2s1uS4",
                "k_mkAs7Gt8s",
                "mJUdhSm6Lqw",
                "mVYnijQaKvI",
                "n4cfzZ7_lTw",
                "nKuWFx7lch4",
                "nldk98Lz33E",
                "o8oYmaasdA4",
                "sTT8Zf6-Ugo",
                "syp5Gtin8HQ",
                "t9ZaIT3L4JE",
                "tM0EJGhIGas",
                "u8Bq1FKWAP0",
                "vQg6og9PQ5c",
                "vsotoBNs4Rg",
                "wNovUNlApko",
                "wSFF-dWv9LM",
                "wswvNZveNHc",
                "xBht9TG7ySw",
                "xS4rK64d-Rk",
                "yXTO67siNGM",
                "ygv6qrhNEUY",
                "zXQkZFTXT0I"
            ]
        },
        {
            "start_date": "18.21.05",
            "end_date": "18.27.05",
            "category_id": 10,
            "category_name": "Music",
            "number_of_videos": 23,
            "total_views": 45123849,
            "video_ids": [
                "3Q2j5ApzSqs",
                "4KtBBzHWmTI",
                "5ZKx4fVtP98",
                "7C2z4GqqS5E",
                "8zSRkr1nQNw",
                "BMARYltP-xw",
                "CUgdbEQWVvM",
                "E6OZEgP-8k8",
                "HfRZ67HSDdA",
                "MFRjnfukHfE",
                "MYCGz0sMaq0",
                "Q-uUyMYs7Do",
                "QgOXIEhHU1Y",
                "RNlQU-7y9Fo",
                "SWAXUbqda_E",
                "UW_xEqCWrm0",
                "WMIDCVupz1M",
                "_WmNcHQlqP4",
                "aEM2kOrrNJI",
                "kFMZUxX6K6o",
                "uKmA0nHe4no",
                "voG07pt-KYI",
                "ykzxD3sHaoc"
            ]
        },
        {
            "start_date": "18.28.05",
            "end_date": "18.03.06",
            "category_id": 10,
            "category_name": "Music",
            "number_of_videos": 27,
            "total_views": 78637380,
            "video_ids": [
                "2SJ0hgdciNE",
                "77KU17WfDaM",
                "8JnfIa84TnU",
                "BMARYltP-xw",
                "D_6QmL6rExk",
                "E20rACXLyFg",
                "E5yFcdPAGv0",
                "FnaqC2ZH3Z0",
                "Iq7E7Ht_jNo",
                "S2rKCq5wN-I",
                "TEiznYjxbvs",
                "UC6USOV4ewc",
                "Uhe9EHUgwlg",
                "V4l_k2-PNEY",
                "VmwOMtkDxtk",
                "aJOTlE1K90k",
                "fCQDWo5VS1Y",
                "fYM5gJcx0po",
                "kFMZUxX6K6o",
                "lRS3SyD5QGs",
                "pCTs5naxPA0",
                "tfmPPxcbBgQ",
                "uE1my0RnPe4",
                "uZwsYdxecA8",
                "wS4ESheuHDY",
                "xTlNMmZKwpA",
                "zUzBfBqbSmc"
            ]
        },
        {
            "start_date": "18.04.06",
            "end_date": "18.10.06",
            "category_id": 24,
            "category_name": "Entertainment",
            "number_of_videos": 93,
            "total_views": 68150414,
            "video_ids": [
                "-ceGIszLBoc",
                "0Bp_cJXUp6Y",
                "0Fko8il7jLk",
                "0TNVthqZ3uc",
                "0VrTsfcTCek",
                "0rUOIbD8jB4",
                "1iNy0DMBVUA",
                "2s4GMLkTNv0",
                "3hHWQMVkFck",
                "3u_wnhWvN0k",
                "44fjX-rgJ7s",
                "4IEsBP8JKnc",
                "4YwphaTJLBo",
                "4iRJDDjejCI",
                "4z1sAH9FZek",
                "5O0N3u9-m7c",
                "6IwrvD2Usig",
                "8In10c9jcDo",
                "8kzj3kNcy3E",
                "9r-_GoSvDAw",
                "ARiGrD_EQjs",
                "D3qGajC5jqQ",
                "DotpPZ2-RIs",
                "EE2p7yHpINE",
                "ExJmET8boVw",
                "G1i9-Rm5vUc",
                "Gi-GLqVcyHc",
                "IO8u-ENHTic",
                "IuAOUCF0J8U",
                "JMQCB_5hfOM",
                "Jodbdj52Vc0",
                "KD9NCNOFD3A",
                "KHQhp2cGZtE",
                "KMhnMnhFNrw",
                "KyB0zVHm2P0",
                "MoIo7u1PQp4",
                "O8EMurwA6g8",
                "P38_Wo_8qsg",
                "PALZ9-UBbjc",
                "QfduarB0n0Y",
                "RqBlVrsnhlc",
                "T2YJYVYYhfI",
                "UTVpWVO4vZU",
                "UU-gWh8dQBM",
                "Ug5tnOK_CMs",
                "VsDUv3Bu5l8",
                "Wx8tI7Nuge0",
                "XWheLZGWqOY",
                "XvHSlHhh1gk",
                "YbJaE3OmSi8",
                "_Ek_TugNKuc",
                "b8WcKHVZFPo",
                "bF_naHpa-T4",
                "cOKCQ9fyqeY",
                "d8AxPKjgBUk",
                "eBW63q4YAI8",
                "eEos29aQ824",
                "e_B2GkcUtrI",
                "efA-Ql5cfws",
                "ek1ePFp-nBI",
                "fYIgAmS_qlQ",
                "g4Hbz2jLxvQ",
                "gVob-aLabzY",
                "iFJdSUMIxH0",
                "jBDPs5A5L_0",
                "jeILuA7nUKk",
                "jzEVw_1CoxI",
                "k0E6NRclHE8",
                "k1H0MdQqHOA",
                "ku7kwR95Sew",
                "lZSYLB8Lbbo",
                "miLRdJlMBuY",
                "msK6mERh51o",
                "n56h3i4WHJM",
                "nG2pEffLEJo",
                "naW9U8MiUY0",
                "njIP93V9qYg",
                "nm16268SVzw",
                "nuw6TLOEm7Q",
                "oTkv1jJ7fkQ",
                "qN62WVR4-r8",
                "r2yYjPsY5Yg",
                "rWoePowncz4",
                "ryv6zgz7JQk",
                "t3j7UJgH1vE",
                "wPuMf9U-FPE",
                "wsuK5tRzCDM",
                "wudu7a0J044",
                "xK_2RpPiDQs",
                "xX3D88GuxoM",
                "xeZSAv3c0Ew",
                "zQBHTiLofkU",
                "zbfWD39uN5c"
            ]
        },
        {
            "start_date": "18.11.06",
            "end_date": "18.14.06",
            "category_id": 10,
            "category_name": "Music",
            "number_of_videos": 10,
            "total_views": 25401420,
            "video_ids": [
                "64UX1npgRkI",
                "DGzy8FE1Rhk",
                "EQn2R3RVX74",
                "HS-5r9eyGIY",
                "UpM6-sw9RRM",
                "V15BYnSr0P8",
                "WclDmFacc0c",
                "qQn6TsbYrH8",
                "rsN85JtTjrM",
                "yEWb6bsd5lo"
            ]
        }
    ]
}