{
    "channels": [
        {
            "channel_name": "Ozuna",
            "start_date": "17.14.11",
            "end_date": "18.02.06",
            "total_views": 487997039,
            "videos_views": [
                {
                    "video_id": "iNf6VErGDLI",
                    "views": 1677111
                },
                {
                    "video_id": "X8sSXU-J8fI",
                    "views": 60426299
                },
                {
                    "video_id": "wfWkmURBNv8",
                    "views": 288811992
                },
                {
                    "video_id": "Ck4xHocysLw",
                    "views": 137081637
                }
            ]
        },
        {
            "channel_name": "NickyJamTV",
            "start_date": "18.03.03",
            "end_date": "18.14.06",
            "total_views": 465469058,
            "videos_views": [
                {
                    "video_id": "_I_D_8Z4sJE",
                    "views": 424538912
                },
                {
                    "video_id": "kFMZUxX6K6o",
                    "views": 20520499
                },
                {
                    "video_id": "V15BYnSr0P8",
                    "views": 20409647
                }
            ]
        },
        {
            "channel_name": "DrakeVEVO",
            "start_date": "18.22.02",
            "end_date": "18.13.05",
            "total_views": 364312023,
            "videos_views": [
                {
                    "video_id": "xpVfcZ0ZcFM",
                    "views": 258164991
                },
                {
                    "video_id": "U9BwWKXjVaI",
                    "views": 106147032
                }
            ]
        },
        {
            "channel_name": "Flow La Movie",
            "start_date": "18.14.04",
            "end_date": "18.18.05",
            "total_views": 337621571,
            "videos_views": [
                {
                    "video_id": "9jI-z9QN6g8",
                    "views": 337621571
                }
            ]
        },
        {
            "channel_name": "Bad Bunny",
            "start_date": "18.16.02",
            "end_date": "18.23.03",
            "total_views": 328860380,
            "videos_views": [
                {
                    "video_id": "kLpH1nSLJSs",
                    "views": 328860380
                }
            ]
        },
        {
            "channel_name": "Ed Sheeran",
            "start_date": "17.14.11",
            "end_date": "18.02.06",
            "total_views": 297553382,
            "videos_views": [
                {
                    "video_id": "2Vv-BfVoq4g",
                    "views": 138578860
                },
                {
                    "video_id": "817P8W8-mGE",
                    "views": 76816483
                },
                {
                    "video_id": "iWZmdoY1aTE",
                    "views": 82158039
                }
            ]
        },
        {
            "channel_name": "ibighit",
            "start_date": "17.17.11",
            "end_date": "18.14.06",
            "total_views": 296558059,
            "videos_views": [
                {
                    "video_id": "ixxR3ZoqnF0",
                    "views": 8484137
                },
                {
                    "video_id": "kTlv5_Bs8aw",
                    "views": 54083634
                },
                {
                    "video_id": "OK3GJ0WIQ8s",
                    "views": 23416810
                },
                {
                    "video_id": "8O_MwlZ2dEg",
                    "views": 15635625
                },
                {
                    "video_id": "kX0vO4vlJuU",
                    "views": 20721039
                },
                {
                    "video_id": "p8npDG2ulKQ",
                    "views": 29742824
                },
                {
                    "video_id": "2tDKp41nrw8",
                    "views": 8753550
                },
                {
                    "video_id": "7C2z4GqqS5E",
                    "views": 123010920
                },
                {
                    "video_id": "D_6QmL6rExk",
                    "views": 12709520
                }
            ]
        },
        {
            "channel_name": "ChildishGambinoVEVO",
            "start_date": "18.07.05",
            "end_date": "18.11.06",
            "total_views": 259721696,
            "videos_views": [
                {
                    "video_id": "VYOjWnS4cMY",
                    "views": 259721696
                }
            ]
        },
        {
            "channel_name": "Marvel Entertainment",
            "start_date": "17.29.11",
            "end_date": "18.06.06",
            "total_views": 236205127,
            "videos_views": [
                {
                    "video_id": "3VbHg5fqBYw",
                    "views": 3111226
                },
                {
                    "video_id": "6ZfuNTqbHE8",
                    "views": 100672931
                },
                {
                    "video_id": "PJBmeqpw3DY",
                    "views": 2295021
                },
                {
                    "video_id": "KweizHAroUU",
                    "views": 180322
                },
                {
                    "video_id": "8_rTIAOohas",
                    "views": 8842980
                },
                {
                    "video_id": "pVxOVlm_lE8",
                    "views": 33980206
                },
                {
                    "video_id": "HmBIn9De-Yc",
                    "views": 340750
                },
                {
                    "video_id": "QwievZ1Tx-8",
                    "views": 56293347
                },
                {
                    "video_id": "5iOhzJdDawE",
                    "views": 7595900
                },
                {
                    "video_id": "gbRijjvIeyk",
                    "views": 2224539
                },
                {
                    "video_id": "UUkn-enk2RU",
                    "views": 20667905
                }
            ]
        },
        {
            "channel_name": "TaylorSwiftVEVO",
            "start_date": "17.14.11",
            "end_date": "18.17.04",
            "total_views": 230798552,
            "videos_views": [
                {
                    "video_id": "V54CEElTF_U",
                    "views": 21893347
                },
                {
                    "video_id": "MvIwx0JThsk",
                    "views": 4591889
                },
                {
                    "video_id": "dfnCAmr569k",
                    "views": 87043012
                },
                {
                    "video_id": "tCXGJQYZ9JA",
                    "views": 117270304
                }
            ]
        },
        {
            "channel_name": "jypentertainment",
            "start_date": "17.08.12",
            "end_date": "18.14.06",
            "total_views": 213386790,
            "videos_views": [
                {
                    "video_id": "MPhAEcLaiNs",
                    "views": 2709257
                },
                {
                    "video_id": "rRzxEiBLQCA",
                    "views": 55754734
                },
                {
                    "video_id": "zi_6oaQyckM",
                    "views": 8903489
                },
                {
                    "video_id": "Sy3ERg7OCWo",
                    "views": 2536670
                },
                {
                    "video_id": "Xo8FPXlI3CU",
                    "views": 2091614
                },
                {
                    "video_id": "lpzJNwur6Zk",
                    "views": 4336590
                },
                {
                    "video_id": "A70B_LKyOrU",
                    "views": 5050120
                },
                {
                    "video_id": "sS0LCjOiIhc",
                    "views": 31391976
                },
                {
                    "video_id": "i0p1bmr0EmE",
                    "views": 98250935
                },
                {
                    "video_id": "2MiQonPvlVM",
                    "views": 2361405
                }
            ]
        },
        {
            "channel_name": "ArianaGrandeVevo",
            "start_date": "18.21.04",
            "end_date": "18.26.05",
            "total_views": 208876887,
            "videos_views": [
                {
                    "video_id": "ffxKSjUwKdU",
                    "views": 208876887
                }
            ]
        },
        {
            "channel_name": "BeckyGVEVO",
            "start_date": "18.06.05",
            "end_date": "18.26.05",
            "total_views": 200862743,
            "videos_views": [
                {
                    "video_id": "zEf423kYfqk",
                    "views": 200862743
                }
            ]
        },
        {
            "channel_name": "Cardi B",
            "start_date": "17.27.12",
            "end_date": "18.14.06",
            "total_views": 189436342,
            "videos_views": [
                {
                    "video_id": "sXP6vliZIHI",
                    "views": 24651559
                },
                {
                    "video_id": "l3uG4T8pJfw",
                    "views": 6744540
                },
                {
                    "video_id": "H4Hb6HcCm_E",
                    "views": 14181777
                },
                {
                    "video_id": "U4fErC9skHE",
                    "views": 49603959
                },
                {
                    "video_id": "xTlNMmZKwpA",
                    "views": 94254507
                }
            ]
        },
        {
            "channel_name": "SebastianYatraVEVO",
            "start_date": "18.03.02",
            "end_date": "18.05.05",
            "total_views": 185610141,
            "videos_views": [
                {
                    "video_id": "sD9_l3oDOag",
                    "views": 92771184
                },
                {
                    "video_id": "WtE011iVx1Q",
                    "views": 92838957
                }
            ]
        },
        {
            "channel_name": "PostMaloneVEVO",
            "start_date": "17.23.11",
            "end_date": "18.28.04",
            "total_views": 176803198,
            "videos_views": [
                {
                    "video_id": "UceaB4D0jpo",
                    "views": 71173287
                },
                {
                    "video_id": "au2n7VVGv_c",
                    "views": 105629911
                }
            ]
        },
        {
            "channel_name": "YouTube Spotlight",
            "start_date": "17.14.11",
            "end_date": "17.24.12",
            "total_views": 170800687,
            "videos_views": [
                {
                    "video_id": "1cgK-BIrXes",
                    "views": 916104
                },
                {
                    "video_id": "FlsCjmMhFmw",
                    "views": 169884583
                }
            ]
        },
        {
            "channel_name": "Daddy Yankee",
            "start_date": "18.19.01",
            "end_date": "18.14.02",
            "total_views": 167456025,
            "videos_views": [
                {
                    "video_id": "sGIm0-dQd8M",
                    "views": 167456025
                }
            ]
        },
        {
            "channel_name": "WORLDSTARHIPHOP",
            "start_date": "17.14.11",
            "end_date": "18.14.06",
            "total_views": 161490535,
            "videos_views": [
                {
                    "video_id": "MnK9_fWPT3Y",
                    "views": 2030890
                },
                {
                    "video_id": "WZEFya56qPw",
                    "views": 842661
                },
                {
                    "video_id": "TVARgV7H4xw",
                    "views": 992009
                },
                {
                    "video_id": "MEYmQlWBeAE",
                    "views": 3582721
                },
                {
                    "video_id": "aMGQgC5yV-o",
                    "views": 2971860
                },
                {
                    "video_id": "LJjsm6CVsG8",
                    "views": 53494574
                },
                {
                    "video_id": "z5WrgDzNIZ0",
                    "views": 76687716
                },
                {
                    "video_id": "Vm_CmfA5gRI",
                    "views": 1867270
                },
                {
                    "video_id": "giOZ3EAleeI",
                    "views": 3504679
                },
                {
                    "video_id": "oVruAfu53z4",
                    "views": 662034
                },
                {
                    "video_id": "VmwOMtkDxtk",
                    "views": 14008109
                },
                {
                    "video_id": "JvVYL7s-HMc",
                    "views": 846012
                }
            ]
        },
        {
            "channel_name": "MigosVEVO",
            "start_date": "17.14.11",
            "end_date": "18.24.04",
            "total_views": 161132971,
            "videos_views": [
                {
                    "video_id": "TbfxmTQkLAE",
                    "views": 17957402
                },
                {
                    "video_id": "RHUxyXZBXY8",
                    "views": 4083066
                },
                {
                    "video_id": "hYc95vB-nT4",
                    "views": 2455913
                },
                {
                    "video_id": "HI-mXMr8glQ",
                    "views": 22031899
                },
                {
                    "video_id": "A_xWDAbnBSU",
                    "views": 14445005
                },
                {
                    "video_id": "fGqdIPer-ms",
                    "views": 100159686
                }
            ]
        }
    ]
}