{
    "categories": [
        {
            "category_id": 28,
            "category_name": "Science & Technology",
            "videos": [
                {
                    "video_id": "oGmIFXfgPM4",
                    "video_title": "Jennifer Lopez & David Dobrik FEAR BOX Challenge | #JLoNOW",
                    "ratio_likes_dislikes": "292.7692307692308",
                    "views": 130858
                },
                {
                    "video_id": "UCKC-QVcVn0",
                    "video_title": "The Engineering of the Drinking Bird",
                    "ratio_likes_dislikes": "244.4418604651163",
                    "views": 137744
                },
                {
                    "video_id": "sNgByUWwFKU",
                    "video_title": "Falcon Heavy Demo | Static Fire",
                    "ratio_likes_dislikes": "217.75714285714287",
                    "views": 520176
                },
                {
                    "video_id": "eNSN6qet1kE",
                    "video_title": "HomeMade Electric Airplane",
                    "ratio_likes_dislikes": "192.01923076923077",
                    "views": 328325
                },
                {
                    "video_id": "2BIx2x-Q2fE",
                    "video_title": "An astonishing old calculator - Numberphile",
                    "ratio_likes_dislikes": "191.70833333333334",
                    "views": 122641
                },
                {
                    "video_id": "0Q0_xFYpYL4",
                    "video_title": "I Made h3h3 a Coughing Beanie",
                    "ratio_likes_dislikes": "176.2089552238806",
                    "views": 237993
                },
                {
                    "video_id": "wPib0uRFmC0",
                    "video_title": "The Thegn Thrand Sword Challenge: My Take!",
                    "ratio_likes_dislikes": "160.0810810810811",
                    "views": 105115
                },
                {
                    "video_id": "XCrJ3NflOpE",
                    "video_title": "A New View of the Moon",
                    "ratio_likes_dislikes": "156.06896551724137",
                    "views": 202621
                },
                {
                    "video_id": "4GZBn4_SfQQ",
                    "video_title": "Penguin selfie offers bird\u2019s eye view",
                    "ratio_likes_dislikes": "155.75",
                    "views": 308201
                },
                {
                    "video_id": "Wzvr_rtI82w",
                    "video_title": "The $1000 Smartphone Giveaway!",
                    "ratio_likes_dislikes": "149.88837744533947",
                    "views": 1067141
                }
            ]
        },
        {
            "category_id": 27,
            "category_name": "Education",
            "videos": [
                {
                    "video_id": "xtR7m-Fl-F0",
                    "video_title": "I Went to a Butler Cafe.",
                    "ratio_likes_dislikes": "376.2857142857143",
                    "views": 283696
                },
                {
                    "video_id": "YF6xzqOfCD8",
                    "video_title": "Batman's Village of Fools: Gotham, England",
                    "ratio_likes_dislikes": "259.1875",
                    "views": 153131
                },
                {
                    "video_id": "spUNpyF58BY",
                    "video_title": "But what is the Fourier Transform?  A visual introduction.",
                    "ratio_likes_dislikes": "239.15555555555557",
                    "views": 298666
                },
                {
                    "video_id": "R9OHn5ZF4Uo",
                    "video_title": "How Do Machines Learn?",
                    "ratio_likes_dislikes": "236.58928571428572",
                    "views": 677636
                },
                {
                    "video_id": "d99_h30swtM",
                    "video_title": "The Moir\u00e9 Effect Lights That Guide Ships Home",
                    "ratio_likes_dislikes": "189.25",
                    "views": 277855
                },
                {
                    "video_id": "ZrP0Mqj9U_c",
                    "video_title": "The 1940s Mermaid Show That's Still Pulling Crowds",
                    "ratio_likes_dislikes": "176.16981132075472",
                    "views": 185481
                },
                {
                    "video_id": "zOgle88sKro",
                    "video_title": "The German Town That's Literally Breaking Apart",
                    "ratio_likes_dislikes": "162.9433962264151",
                    "views": 372127
                },
                {
                    "video_id": "Ii_Gz1WbBGA",
                    "video_title": "Controlling An Airport From 80 Miles Away",
                    "ratio_likes_dislikes": "160.30188679245282",
                    "views": 154117
                },
                {
                    "video_id": "X_tYrnv_o6A",
                    "video_title": "Your Amazing Molecular Machines",
                    "ratio_likes_dislikes": "150.4890510948905",
                    "views": 251683
                },
                {
                    "video_id": "-p2lhxUqMMQ",
                    "video_title": "Cheng I Sao - Pirate Queen - Extra History",
                    "ratio_likes_dislikes": "150.32876712328766",
                    "views": 169468
                }
            ]
        },
        {
            "category_id": 26,
            "category_name": "Howto & Style",
            "videos": [
                {
                    "video_id": "wDl6MlgL8PM",
                    "video_title": "Jacques Pepin Reacts To My Omelet Video !",
                    "ratio_likes_dislikes": "330.1470588235294",
                    "views": 340597
                },
                {
                    "video_id": "MYmQlBpF5e0",
                    "video_title": "UK vs JAPAN School Lunches! with Dan and Phil",
                    "ratio_likes_dislikes": "295.1451247165533",
                    "views": 1223851
                },
                {
                    "video_id": "GuKSrYux-Is",
                    "video_title": "Cole Sprouse on Interning at the Met and His Artistic Aspirations | Met Gala 2018 With Liza Koshy",
                    "ratio_likes_dislikes": "293.5031847133758",
                    "views": 1287891
                },
                {
                    "video_id": "akNs04ef_Co",
                    "video_title": "I Read A Letter From My Younger Self",
                    "ratio_likes_dislikes": "292.5014245014245",
                    "views": 629985
                },
                {
                    "video_id": "OdNqWcUdm6I",
                    "video_title": "Sukiyaki (Homemade Tofu)",
                    "ratio_likes_dislikes": "269.9742268041237",
                    "views": 543413
                },
                {
                    "video_id": "_vrcsnkXCI8",
                    "video_title": "I GAVE MY MOM HER FIRST MAKEOVER EVER AND SHE CRIED",
                    "ratio_likes_dislikes": "246.83673469387756",
                    "views": 229081
                },
                {
                    "video_id": "n4GynhABYdU",
                    "video_title": "SWEET TOFU | 2 Easy Recipes",
                    "ratio_likes_dislikes": "242.72815533980582",
                    "views": 194689
                },
                {
                    "video_id": "aCoDqL1dK9c",
                    "video_title": "BEST MAKEUP OF 2017!",
                    "ratio_likes_dislikes": "236.72461273666093",
                    "views": 1237587
                },
                {
                    "video_id": "g0xVbwXs9jo",
                    "video_title": "HOW TO: YOUTUBE BEAUTY LIGHTING SECRETS | DESI PERKINS",
                    "ratio_likes_dislikes": "233.83898305084745",
                    "views": 224361
                },
                {
                    "video_id": "5530I_pYjbo",
                    "video_title": "How I Trained My Cats",
                    "ratio_likes_dislikes": "224.07928388746802",
                    "views": 977285
                }
            ]
        },
        {
            "category_id": 22,
            "category_name": "People & Blogs",
            "videos": [
                {
                    "video_id": "6ixU_vdE0Es",
                    "video_title": "BOYFRIEND DOES MY MAKEUP | Madelaine Petsch",
                    "ratio_likes_dislikes": "533.921052631579",
                    "views": 280065
                },
                {
                    "video_id": "K_XXXDPODmw",
                    "video_title": "Taking Riverdale Quizzes with Camila Mendes and Hart Denton| Madelaine Petsch",
                    "ratio_likes_dislikes": "440.41237113402065",
                    "views": 417295
                },
                {
                    "video_id": "2wbc8x-RHiY",
                    "video_title": "THE FIRST TIME WE MET!",
                    "ratio_likes_dislikes": "416.82758620689657",
                    "views": 107663
                },
                {
                    "video_id": "IUsFWiE0d20",
                    "video_title": "\ud83c\udf52 april favs \ud83c\udf52 (music, clothes, life)",
                    "ratio_likes_dislikes": "416.26190476190476",
                    "views": 128633
                },
                {
                    "video_id": "SX9mF288Tb8",
                    "video_title": "Tom Holland Plays With Puppies While Answering Fan Questions",
                    "ratio_likes_dislikes": "329.74789915966386",
                    "views": 1063650
                },
                {
                    "video_id": "TN7LvuEpDIE",
                    "video_title": "I tried to recreate my favorite artist's work with makeup | Alex Pardee Inspired Bodypaint Tutorial",
                    "ratio_likes_dislikes": "326.29761904761904",
                    "views": 300843
                },
                {
                    "video_id": "u6GnElEnaqQ",
                    "video_title": "This Is What I'm Wearing Right Now",
                    "ratio_likes_dislikes": "282.75324675324674",
                    "views": 138539
                },
                {
                    "video_id": "Di4QJUCElgs",
                    "video_title": "Answering Questions I've Avoided...",
                    "ratio_likes_dislikes": "272.9016393442623",
                    "views": 119734
                },
                {
                    "video_id": "KDPG0YEsD5Q",
                    "video_title": "50 FACTS ABOUT ME FROM THE RIVERDALE SET | Madelaine Petsch",
                    "ratio_likes_dislikes": "266.241935483871",
                    "views": 207573
                },
                {
                    "video_id": "APASP1YKH60",
                    "video_title": "Real Doctor vs TV Doctor | Medical Drama Myths | Doctor Mike",
                    "ratio_likes_dislikes": "255.34545454545454",
                    "views": 127541
                }
            ]
        },
        {
            "category_id": 1,
            "category_name": "Film & Animation",
            "videos": [
                {
                    "video_id": "7HGCE6-LMBg",
                    "video_title": "Ari's Birthday! (again)",
                    "ratio_likes_dislikes": "370.0",
                    "views": 2171303
                },
                {
                    "video_id": "r2ys-AimNbE",
                    "video_title": "\u201cFirst Burn\u201d [Official Video]",
                    "ratio_likes_dislikes": "309.40112994350284",
                    "views": 755367
                },
                {
                    "video_id": "NBSAQenU2Bk",
                    "video_title": "Rooster Teeth Animated Adventures - Millie So Serious",
                    "ratio_likes_dislikes": "226.83544303797467",
                    "views": 404162
                },
                {
                    "video_id": "NBSAQenU2Bk",
                    "video_title": "Rooster Teeth Animated Adventures - Millie So Serious",
                    "ratio_likes_dislikes": "226.83544303797467",
                    "views": 404162
                },
                {
                    "video_id": "eZFvbili87g",
                    "video_title": "The Greatest Showman | Rewrite The Stars ft. Zendaya | 20th Century FOX",
                    "ratio_likes_dislikes": "222.79310344827587",
                    "views": 135085
                },
                {
                    "video_id": "4yG_k2Zlw7Y",
                    "video_title": "GOING FISHING. A Stop motion Animation by Guldies",
                    "ratio_likes_dislikes": "211.15254237288136",
                    "views": 167196
                },
                {
                    "video_id": "7FM_MfpYOLU",
                    "video_title": "PEOPLE TELL THEIR CRUSH THEY LIKE THEM (vol. IX)",
                    "ratio_likes_dislikes": "201.7246376811594",
                    "views": 621594
                },
                {
                    "video_id": "4HU6Z7anycw",
                    "video_title": "Lucas the Spider - Polar Bear",
                    "ratio_likes_dislikes": "195.07708333333332",
                    "views": 613805
                },
                {
                    "video_id": "cy9W-ZywVPc",
                    "video_title": "Trying to Get Into Fitness & Health",
                    "ratio_likes_dislikes": "184.37234042553192",
                    "views": 1995648
                },
                {
                    "video_id": "sP6Z94dDPEw",
                    "video_title": "Maze Runner: The Death Cure | Any Ideas Clip | 20th Century FOX",
                    "ratio_likes_dislikes": "181.26315789473685",
                    "views": 1351952
                }
            ]
        },
        {
            "category_id": 20,
            "category_name": "Gaming",
            "videos": [
                {
                    "video_id": "8KaKWPJq5dY",
                    "video_title": "OUR SECRET FAN FICTIONS?! - Truth Bombs #2!",
                    "ratio_likes_dislikes": "342.04128440366975",
                    "views": 580796
                },
                {
                    "video_id": "EWf7P3okX9s",
                    "video_title": "IT'S CHICA'S BIRTHDAY!!!",
                    "ratio_likes_dislikes": "226.75635593220338",
                    "views": 993913
                },
                {
                    "video_id": "PpElRBQ-yGc",
                    "video_title": "Melix Plays: JUMPSTART First Grade | 90s Games",
                    "ratio_likes_dislikes": "156.05185185185186",
                    "views": 210371
                },
                {
                    "video_id": "oMCijY1XGlQ",
                    "video_title": "Playing Deadpool With Ryan Reynolds!",
                    "ratio_likes_dislikes": "140.94449047224523",
                    "views": 5128311
                },
                {
                    "video_id": "T2uyIBURMjs",
                    "video_title": "Sonic Mania Adventures - Sneak Peek",
                    "ratio_likes_dislikes": "134.21428571428572",
                    "views": 233958
                },
                {
                    "video_id": "FaxqVBYVOVU",
                    "video_title": "Mega Medley that was supposed to be 5 minutes but wasn't",
                    "ratio_likes_dislikes": "126.69565217391305",
                    "views": 152289
                },
                {
                    "video_id": "HAGnqSKtn3s",
                    "video_title": "YOUTUBE SENT ME A MYSTERY GIFT!!!",
                    "ratio_likes_dislikes": "113.32853403141361",
                    "views": 1628997
                },
                {
                    "video_id": "pfM1F0fBTo8",
                    "video_title": "Meet My Dog - Animated",
                    "ratio_likes_dislikes": "107.02150537634408",
                    "views": 365152
                },
                {
                    "video_id": "sBMOXHrXJtI",
                    "video_title": "Cuphead DLC Announcement Trailer | Xbox One | Windows 10 | Steam | GOG",
                    "ratio_likes_dislikes": "106.72908366533865",
                    "views": 978409
                },
                {
                    "video_id": "8JfMdhrbehY",
                    "video_title": "Markiplier Animated | GHOST HUNTER",
                    "ratio_likes_dislikes": "106.50709219858156",
                    "views": 452250
                }
            ]
        },
        {
            "category_id": 19,
            "category_name": "Travel & Events",
            "videos": [
                {
                    "video_id": "XXRBLyQQ78A",
                    "video_title": "Only Slightly Exaggerated | Travel Oregon",
                    "ratio_likes_dislikes": "81.67857142857143",
                    "views": 758561
                },
                {
                    "video_id": "RgbNxb08jXA",
                    "video_title": "Foreigner Surprising Indians with Hindi (WARNING Smiles Galore!)",
                    "ratio_likes_dislikes": "81.42129629629629",
                    "views": 503840
                },
                {
                    "video_id": "IFasecLYzD0",
                    "video_title": "Polish Girl buys Sail Boat for \u20ac1 !!      ......    Yes, that is ONE EURO. Ep. 122",
                    "ratio_likes_dislikes": "65.45744680851064",
                    "views": 182778
                },
                {
                    "video_id": "n9JVbbRBqfY",
                    "video_title": "LEGENDARY All You Can Eat Buffet in Manila Philippines - Spiral Buffet Review",
                    "ratio_likes_dislikes": "59.72727272727273",
                    "views": 681226
                },
                {
                    "video_id": "h-nmLbZorLE",
                    "video_title": "Toy Story Land to Open at Walt Disney World Resort June 30",
                    "ratio_likes_dislikes": "58.22222222222222",
                    "views": 153170
                },
                {
                    "video_id": "tp6wtD9jGyA",
                    "video_title": "BEST Pho! TRADITIONAL Noodle Tour of Saigon Vietnam",
                    "ratio_likes_dislikes": "57.02597402597402",
                    "views": 478211
                },
                {
                    "video_id": "2sxuAm569IY",
                    "video_title": "A Train Runs Through It: Thailand\u2019s Most Dangerous Market",
                    "ratio_likes_dislikes": "56.18604651162791",
                    "views": 326955
                },
                {
                    "video_id": "_6lGaYh71g4",
                    "video_title": "WTF - $300 Toaster?!",
                    "ratio_likes_dislikes": "54.515151515151516",
                    "views": 253735
                },
                {
                    "video_id": "Swv1il6PpN4",
                    "video_title": "How Tiny Food Videos Are Made",
                    "ratio_likes_dislikes": "52.58119658119658",
                    "views": 246960
                },
                {
                    "video_id": "9pXLSjDkcEE",
                    "video_title": "L.A.\u2019s Best Indian Food Is in This Gas Station",
                    "ratio_likes_dislikes": "51.81159420289855",
                    "views": 268248
                }
            ]
        },
        {
            "category_id": 15,
            "category_name": "Pets & Animals",
            "videos": [
                {
                    "video_id": "9_lkVzzd6rE",
                    "video_title": "Rooster Meets His Favorite Girl at Her Bus Stop Every Day | The Dodo",
                    "ratio_likes_dislikes": "240.91666666666666",
                    "views": 152954
                },
                {
                    "video_id": "fS2fsa1fuIw",
                    "video_title": "If It Fits, I Sits...",
                    "ratio_likes_dislikes": "227.55405405405406",
                    "views": 189047
                },
                {
                    "video_id": "htBvEmGPhAc",
                    "video_title": "Scared abandoned dog hides in a spot that we couldn't reach, so I had no choice but...",
                    "ratio_likes_dislikes": "208.2",
                    "views": 176332
                },
                {
                    "video_id": "rplCCSqWXIY",
                    "video_title": "Head Over Heels (A Valentines Special) - Simon's Cat | BLACK & WHITE",
                    "ratio_likes_dislikes": "203.5211267605634",
                    "views": 172502
                },
                {
                    "video_id": "xfmipNU4Odc",
                    "video_title": "Edna's registered owner thought she was dead for 2 years!!!",
                    "ratio_likes_dislikes": "203.14117647058825",
                    "views": 339256
                },
                {
                    "video_id": "45tSUnisIos",
                    "video_title": "5 Signs You Work With Cats",
                    "ratio_likes_dislikes": "198.12962962962962",
                    "views": 125030
                },
                {
                    "video_id": "JOwmqPPkjww",
                    "video_title": "A little Dingo running on a bridge over one of the busiest freeways in the U.S!",
                    "ratio_likes_dislikes": "174.1596638655462",
                    "views": 328520
                },
                {
                    "video_id": "SJsvPv5Q_oY",
                    "video_title": "KITTEN and CAT",
                    "ratio_likes_dislikes": "171.9718309859155",
                    "views": 424587
                },
                {
                    "video_id": "9PhM-zCmTFs",
                    "video_title": "DIY - Simon's Cat  | NEW BLACK & WHITE!",
                    "ratio_likes_dislikes": "165.0",
                    "views": 178977
                },
                {
                    "video_id": "3j5eGupDWY4",
                    "video_title": "Homeless and abused, this Pit Bull didn't lose HOPE that something amazing will happen!",
                    "ratio_likes_dislikes": "150.71851851851852",
                    "views": 314731
                }
            ]
        },
        {
            "category_id": 43,
            "category_name": "Shows",
            "videos": [
                {
                    "video_id": "7_FJUSBFbJM",
                    "video_title": "Game of Zones - Game of Zones - S5:E1: 'A Golden Summer'",
                    "ratio_likes_dislikes": "77.76451612903226",
                    "views": 657183
                },
                {
                    "video_id": "V6ElE2xs48c",
                    "video_title": "Game of Zones - S5:E5: The Isle of Van Gundy",
                    "ratio_likes_dislikes": "40.522776572668114",
                    "views": 765531
                },
                {
                    "video_id": "lM0yu7c6lQk",
                    "video_title": "You're not crazy. Apple is slowing down older iPhones. (Apple Byte)",
                    "ratio_likes_dislikes": "20.198019801980198",
                    "views": 134433
                }
            ]
        },
        {
            "category_id": 17,
            "category_name": "Sports",
            "videos": [
                {
                    "video_id": "NfLVVJOuY5M",
                    "video_title": "Stunning MTB masterclass: Matt Jones | Frames Of Mind",
                    "ratio_likes_dislikes": "323.48275862068965",
                    "views": 135459
                },
                {
                    "video_id": "Vm4Xn5vjqRA",
                    "video_title": "CRISTIANO RONALDO E FRED, O GRANDE ENCONTRO",
                    "ratio_likes_dislikes": "315.58679446219384",
                    "views": 3990953
                },
                {
                    "video_id": "ufOnBRXy3Pc",
                    "video_title": "Danny MacAskill trial biking in D\u00fcsseldorf. | Straight from the athletes",
                    "ratio_likes_dislikes": "257.1578947368421",
                    "views": 115141
                },
                {
                    "video_id": "AB_u_kOSP8Y",
                    "video_title": "Ronaldinho's most jaw-dropping plays with Bar\u00e7a",
                    "ratio_likes_dislikes": "202.04",
                    "views": 199610
                },
                {
                    "video_id": "NHrwcQQ38bA",
                    "video_title": "Candide Thovex - quattro 2",
                    "ratio_likes_dislikes": "167.93693693693695",
                    "views": 388810
                },
                {
                    "video_id": "6gFj1XJ6b5o",
                    "video_title": "CALLING OUT OLYMPIC CHAMPIONS!?  {Press Up Challenge}",
                    "ratio_likes_dislikes": "154.4375",
                    "views": 294080
                },
                {
                    "video_id": "tG-IGNvfrg8",
                    "video_title": "Emergency goalie steals the show in Chicago",
                    "ratio_likes_dislikes": "123.16935483870968",
                    "views": 917010
                },
                {
                    "video_id": "T3-BzlYEhQA",
                    "video_title": "Inside FC Barcelona\u2019s ambitious plan to reinvent the Camp Nou, by Wired and Audifootball",
                    "ratio_likes_dislikes": "111.10309278350516",
                    "views": 181774
                },
                {
                    "video_id": "trW9rxpSBxA",
                    "video_title": "Worlds Highest Basketball Shot 200m (660 feet) Guinness World Records",
                    "ratio_likes_dislikes": "108.55172413793103",
                    "views": 122629
                },
                {
                    "video_id": "9oyKePWRi8Y",
                    "video_title": "Best of 2017 | Dude Perfect",
                    "ratio_likes_dislikes": "107.92984917572781",
                    "views": 6291266
                }
            ]
        },
        {
            "category_id": 23,
            "category_name": "Comedy",
            "videos": [
                {
                    "video_id": "UmFS7No3t8Y",
                    "video_title": "Bloopers 2017 !",
                    "ratio_likes_dislikes": "372.6996587030717",
                    "views": 1384219
                },
                {
                    "video_id": "cMtHByGJ8Ao",
                    "video_title": "SCOTTY SIRE - MISTER GLASSMAN (Official Lyric Video)",
                    "ratio_likes_dislikes": "310.41379310344826",
                    "views": 488580
                },
                {
                    "video_id": "-kTWIm7m4Uw",
                    "video_title": "We Bought A House",
                    "ratio_likes_dislikes": "307.16630669546436",
                    "views": 2422729
                },
                {
                    "video_id": "9kF9xY74h-E",
                    "video_title": "Spilling Tea About Each Other!!",
                    "ratio_likes_dislikes": "268.8945054945055",
                    "views": 891912
                },
                {
                    "video_id": "qKh7JdoPZz4",
                    "video_title": "Lesser Known BROADWAY Songs - Mystery Solo | Thomas Sanders",
                    "ratio_likes_dislikes": "237.75675675675674",
                    "views": 122841
                },
                {
                    "video_id": "apJaKRqX9cI",
                    "video_title": "Overthinking overthinking overthinking overthinking",
                    "ratio_likes_dislikes": "230.71428571428572",
                    "views": 277410
                },
                {
                    "video_id": "zYlW81GZYug",
                    "video_title": "When Your BF Acts Different Around His Friends (ft. The Rock)",
                    "ratio_likes_dislikes": "220.44277108433735",
                    "views": 2824925
                },
                {
                    "video_id": "ZB7_1CoKntI",
                    "video_title": "Giving Myself Tape In Hair Extensions",
                    "ratio_likes_dislikes": "210.25856697819316",
                    "views": 1529801
                },
                {
                    "video_id": "nt7b-Qp34hk",
                    "video_title": "YouTube Valentine 2018",
                    "ratio_likes_dislikes": "206.5",
                    "views": 153601
                },
                {
                    "video_id": "zcEE8J2Bqa8",
                    "video_title": "The Goblin - JACK AND DEAN",
                    "ratio_likes_dislikes": "198.48314606741573",
                    "views": 123615
                }
            ]
        },
        {
            "category_id": 10,
            "category_name": "Music",
            "videos": [
                {
                    "video_id": "Q48VduIflPk",
                    "video_title": "[STATION] SMTOWN 'Dear My Family (Live Concert Ver.)' MV",
                    "ratio_likes_dislikes": "506.257299270073",
                    "views": 1475878
                },
                {
                    "video_id": "J41qe-TM1DY",
                    "video_title": "JONGHYUN \uc885\ud604 '\ube5b\uc774 \ub098 (Shinin\u2019)' MV",
                    "ratio_likes_dislikes": "436.03110173958885",
                    "views": 4285299
                },
                {
                    "video_id": "nQySbNGu4g0",
                    "video_title": "[CHOREOGRAPHY] BTS (\ubc29\ud0c4\uc18c\ub144\ub2e8) 'FAKE LOVE' Dance Practice",
                    "ratio_likes_dislikes": "433.79312114989733",
                    "views": 4196932
                },
                {
                    "video_id": "floMqK_yHf8",
                    "video_title": "[BANGTAN BOMB] 'MIC Drop' Special Stage (BTS focus) @MAMA - BTS (\ubc29\ud0c4\uc18c\ub144\ub2e8)",
                    "ratio_likes_dislikes": "424.60346964064433",
                    "views": 1835185
                },
                {
                    "video_id": "K6xwB8Kkce0",
                    "video_title": "Harry Styles - Kiwi (live in studio)",
                    "ratio_likes_dislikes": "408.62462462462463",
                    "views": 595598
                },
                {
                    "video_id": "__-22AJoFxY",
                    "video_title": "The Vamps - Same To You (Acoustic)",
                    "ratio_likes_dislikes": "387.05",
                    "views": 147702
                },
                {
                    "video_id": "Fj3euSYAtnc",
                    "video_title": "BTS (\ubc29\ud0c4\uc18c\ub144\ub2e8) - Airplane pt.2 @BTS COMEBACK SHOW",
                    "ratio_likes_dislikes": "383.02747710241465",
                    "views": 3148043
                },
                {
                    "video_id": "6mkLWGy6Y3k",
                    "video_title": "Shawn Mendes: The Tour - Official Trailer",
                    "ratio_likes_dislikes": "345.33620689655174",
                    "views": 332910
                },
                {
                    "video_id": "9vDdx1dba6c",
                    "video_title": "dodie - Secret For The Mad",
                    "ratio_likes_dislikes": "334.234693877551",
                    "views": 129130
                },
                {
                    "video_id": "QFfEtKvXMAs",
                    "video_title": "Niall Horan - Too Much To Ask (Acoustic)",
                    "ratio_likes_dislikes": "318.8809523809524",
                    "views": 419341
                }
            ]
        },
        {
            "category_id": 25,
            "category_name": "News & Politics",
            "videos": [
                {
                    "video_id": "zPJl2e38S4g",
                    "video_title": "Walk it like I talk it - Wocket in my pocket - Migos vs Dr Suess",
                    "ratio_likes_dislikes": "210.46382978723403",
                    "views": 575459
                },
                {
                    "video_id": "ZpMNJbt3QDE",
                    "video_title": "\u2018Shape of You\u2019: How Ed Sheeran Made 2017\u2019s Biggest Track",
                    "ratio_likes_dislikes": "107.46268656716418",
                    "views": 261868
                },
                {
                    "video_id": "zDbq7y20wpw",
                    "video_title": "Why ships used this camouflage in World War I",
                    "ratio_likes_dislikes": "94.59006211180125",
                    "views": 436770
                },
                {
                    "video_id": "GKbjOWPbBwk",
                    "video_title": "Chihuahua Won\u2019t Leave Owner\u2019s Gravesite",
                    "ratio_likes_dislikes": "88.23762376237623",
                    "views": 148983
                },
                {
                    "video_id": "NUMa0QkPzns",
                    "video_title": "It\u2019s not you. Phones are designed to be addicting.",
                    "ratio_likes_dislikes": "74.49901768172889",
                    "views": 605311
                },
                {
                    "video_id": "lE0eWRdSrY4",
                    "video_title": "Koreas: A day of historic talks  - BBC News",
                    "ratio_likes_dislikes": "68.39271255060729",
                    "views": 634610
                },
                {
                    "video_id": "Mqaobr6w6_I",
                    "video_title": "How Technicolor changed movies",
                    "ratio_likes_dislikes": "67.06985294117646",
                    "views": 477893
                },
                {
                    "video_id": "BL4dnvBytLA",
                    "video_title": "Behind-the-Scenes: See How Elon Musk Celebrated the Falcon Heavy Launch | National Geographic",
                    "ratio_likes_dislikes": "58.82911392405063",
                    "views": 220871
                },
                {
                    "video_id": "1MGNw-Y2QPk",
                    "video_title": "We Should Talk About What James Harrison Did...",
                    "ratio_likes_dislikes": "49.585798816568044",
                    "views": 1408027
                },
                {
                    "video_id": "rf3iHqE240I",
                    "video_title": "Where babies in movies come from",
                    "ratio_likes_dislikes": "49.157303370786515",
                    "views": 512885
                }
            ]
        },
        {
            "category_id": 24,
            "category_name": "Entertainment",
            "videos": [
                {
                    "video_id": "ONI_06wGbsQ",
                    "video_title": "THINGS THAT ARE LOWER",
                    "ratio_likes_dislikes": "843.2",
                    "views": 109642
                },
                {
                    "video_id": "X5YJU6_Mfpg",
                    "video_title": "looking back",
                    "ratio_likes_dislikes": "425.0810810810811",
                    "views": 141366
                },
                {
                    "video_id": "tl4I1b6cHKc",
                    "video_title": "SURPRISING MY BIGGEST FANS AT THEIR HOUSE",
                    "ratio_likes_dislikes": "349.0223880597015",
                    "views": 311117
                },
                {
                    "video_id": "KyB0zVHm2P0",
                    "video_title": "Shawn Mendes Destroys James In a Cover Battle - #LateLateShawn",
                    "ratio_likes_dislikes": "345.13793103448273",
                    "views": 1365473
                },
                {
                    "video_id": "xf-dywd3zx0",
                    "video_title": "Official Trailer | BTS: Burn The Stage",
                    "ratio_likes_dislikes": "324.4035087719298",
                    "views": 1801695
                },
                {
                    "video_id": "ySFJtla2LY4",
                    "video_title": "Riverdale's Casey Cott Reviews Riverdale Memes | Teen Vogue",
                    "ratio_likes_dislikes": "300.17543859649123",
                    "views": 300594
                },
                {
                    "video_id": "vqX6fkty-WQ",
                    "video_title": "FLOSSING EACH OTHER with Grace Helbig & Mamrie Hart",
                    "ratio_likes_dislikes": "299.7142857142857",
                    "views": 134879
                },
                {
                    "video_id": "VH4pgiB5xu8",
                    "video_title": "WHAT TO LEAVE IN 2017",
                    "ratio_likes_dislikes": "290.0",
                    "views": 191348
                },
                {
                    "video_id": "tP214lJtKlM",
                    "video_title": "The 77 Year Old Ballet Dancer Sharing Seven Decades Of Experience | Amazing Humans",
                    "ratio_likes_dislikes": "288.47169811320754",
                    "views": 284919
                },
                {
                    "video_id": "h3umdwK-oPs",
                    "video_title": "Riverdale Cast Competes in a Compliment Battle | Teen Vogue",
                    "ratio_likes_dislikes": "285.18518518518516",
                    "views": 840489
                }
            ]
        },
        {
            "category_id": 29,
            "category_name": "Nonprofits & Activism",
            "videos": [
                {
                    "video_id": "pwGbwYAfSmg",
                    "video_title": "5 books worth reading this summer",
                    "ratio_likes_dislikes": "69.82575757575758",
                    "views": 272583
                },
                {
                    "video_id": "obRG-2jurz0",
                    "video_title": "Does saving more lives lead to overpopulation?",
                    "ratio_likes_dislikes": "28.5",
                    "views": 107702
                },
                {
                    "video_id": "oWjxSkJpxFU",
                    "video_title": "Suicide: Be Here Tomorrow.",
                    "ratio_likes_dislikes": "7.907506620699931",
                    "views": 8041970
                },
                {
                    "video_id": "RQZr2NgKPiU",
                    "video_title": "\u042f\u0445\u0442\u044b, \u043e\u043b\u0438\u0433\u0430\u0440\u0445\u0438, \u0434\u0435\u0432\u043e\u0447\u043a\u0438: \u043e\u0445\u043e\u0442\u043d\u0438\u0446\u0430 \u043d\u0430 \u043c\u0443\u0436\u0447\u0438\u043d \u0440\u0430\u0437\u043e\u0431\u043b\u0430\u0447\u0430\u0435\u0442 \u0432\u0437\u044f\u0442\u043e\u0447\u043d\u0438\u043a\u0430",
                    "ratio_likes_dislikes": "5.747794082951918",
                    "views": 5579079
                },
                {
                    "video_id": "ZYKUXMAou3Q",
                    "video_title": "Rose McGowan Shares Her Thoughts On 'Time's Up' Movement | The View",
                    "ratio_likes_dislikes": "4.795483061480552",
                    "views": 295068
                }
            ]
        },
        {
            "category_id": 2,
            "category_name": "Autos & Vehicles",
            "videos": [
                {
                    "video_id": "9i3GtPIS0-4",
                    "video_title": "Making a Handheld Air Cannon Steampunk/Powerfull",
                    "ratio_likes_dislikes": "134.68636363636364",
                    "views": 546413
                },
                {
                    "video_id": "hivGryRKGvk",
                    "video_title": "[HOONIGAN] DT 190: $200 Miata Kart Build [Part 6] - Cage Build and Indoor Donuts",
                    "ratio_likes_dislikes": "119.05376344086021",
                    "views": 321245
                },
                {
                    "video_id": "muAPJiMho2Y",
                    "video_title": "DELIT DE FUITE - le Justicier de No\u00ebl",
                    "ratio_likes_dislikes": "109.74835309617919",
                    "views": 2601143
                },
                {
                    "video_id": "zMKI64iY2CY",
                    "video_title": "Falcon Heavy Makes History - Cheaper Spaceflight",
                    "ratio_likes_dislikes": "86.49767441860465",
                    "views": 290071
                },
                {
                    "video_id": "azUbCdcAeFM",
                    "video_title": "Tesla 2018",
                    "ratio_likes_dislikes": "83.17008797653959",
                    "views": 617010
                },
                {
                    "video_id": "PoNWU2cox9w",
                    "video_title": "Inside Keanu Reeves' Custom Motorcycle Shop | WIRED",
                    "ratio_likes_dislikes": "73.0",
                    "views": 704363
                },
                {
                    "video_id": "kIUHDwn51y8",
                    "video_title": "Evolution of the Jeep 4x4 Utility Vehicle | Donut Media",
                    "ratio_likes_dislikes": "64.2051282051282",
                    "views": 136837
                },
                {
                    "video_id": "SpdgahDp2Wg",
                    "video_title": "The Best Wiper Blades in the World and Why",
                    "ratio_likes_dislikes": "56.15025906735751",
                    "views": 253378
                },
                {
                    "video_id": "sTvY9Llqtms",
                    "video_title": "I Built a FULL SIZE Tie Fighter/Silencer",
                    "ratio_likes_dislikes": "54.24626865671642",
                    "views": 364537
                },
                {
                    "video_id": "yBXcNcBnImc",
                    "video_title": "The Most Expensive Countries To Buy Cool Used Cars",
                    "ratio_likes_dislikes": "48.533742331288344",
                    "views": 235077
                }
            ]
        }
    ]
}